serialized_file,clip_id,name,sample_rate,legacy
002_UnityDataAssetPack_datapack__file110,6043,BlackVeilAni,60.0,False
002_UnityDataAssetPack_datapack__file110,6044,ChestIdle,60.0,False
002_UnityDataAssetPack_datapack__file110,6045,ChestZoom,60.0,False
002_UnityDataAssetPack_datapack__file110,6046,DungeonLotion,60.0,False
002_UnityDataAssetPack_datapack__file110,6047,up,45.0,False
002_UnityDataAssetPack_datapack__file110,6048,HandPointing,60.0,False
002_UnityDataAssetPack_datapack__file110,6049,HandDrag,60.0,False
002_UnityDataAssetPack_datapack__file110,6050,AniHeroDowngrade,60.0,False
002_UnityDataAssetPack_datapack__file110,6051,AniHeroUpdrade,60.0,False
002_UnityDataAssetPack_datapack__file110,6052,Down,60.0,False
002_UnityDataAssetPack_datapack__file110,6053,Up,60.0,False
002_UnityDataAssetPack_datapack__file110,6054,mine_full,50.0,False
002_UnityDataAssetPack_datapack__file110,6055,mine_idle,5.0,False
002_UnityDataAssetPack_datapack__file110,6056,Flowing,60.0,False
002_UnityDataAssetPack_datapack__file110,6057,search,20.0,False
002_UnityDataAssetPack_datapack__file110,6058,AniSpin,60.0,False
002_UnityDataAssetPack_datapack__file110,6059,Loop,60.0,False
002_UnityDataAssetPack_datapack__file110,6060,SummonChar,60.0,False
002_UnityDataAssetPack_datapack__file110,6061,StatusEffect,60.0,False
002_UnityDataAssetPack_datapack__file110,6062,Ani_Block,60.0,False
002_UnityDataAssetPack_datapack__file110,6063,Ani_HpBuff,130.0,False
002_UnityDataAssetPack_datapack__file110,6064,HpCrit,60.0,False
002_UnityDataAssetPack_datapack__file110,6065,HpLost,60.0,False
002_UnityDataAssetPack_datapack__file110,6066,Ani_LeftHpLost,130.0,False
002_UnityDataAssetPack_datapack__file110,6067,Ani_Revine,60.0,False
002_UnityDataAssetPack_datapack__file110,6068,Ani_RightHpLost,130.0,False
002_UnityDataAssetPack_datapack__file110,6069,TutorialFK,8.0,False
002_UnityDataAssetPack_datapack__file110,6070,Name,60.0,False
002_UnityDataAssetPack_datapack__file110,6071,Focus,60.0,False
002_UnityDataAssetPack_datapack__file110,6072,Gold,60.0,False
002_UnityDataAssetPack_datapack__file110,6073,Next,60.0,False
002_UnityDataAssetPack_datapack__file110,6074,Prev,60.0,False
002_UnityDataAssetPack_datapack__file110,6075,Close,60.0,False
002_UnityDataAssetPack_datapack__file110,6076,Open,60.0,False
002_UnityDataAssetPack_datapack__file110,6077,Summon,60.0,False
002_UnityDataAssetPack_datapack__file110,6078,NextLevel,100.0,False
002_UnityDataAssetPack_datapack__file110,6079,StartGame,15.0,False
002_UnityDataAssetPack_datapack__file110,6080,Def,60.0,False
002_UnityDataAssetPack_datapack__file110,6081,SplashScene,30.0,False
002_UnityDataAssetPack_datapack__file110,6082,Ani_HpBuff,130.0,False
002_UnityDataAssetPack_datapack__file110,6083,HpCrit,60.0,False
002_UnityDataAssetPack_datapack__file110,6084,HpLost,60.0,False
002_UnityDataAssetPack_datapack__file110,6085,HpFlyUp,60.0,False
002_UnityDataAssetPack_datapack__file110,6086,HpFlyUp,60.0,False
002_UnityDataAssetPack_datapack__file110,6087,AnimCharacterIdle,50.0,False
002_UnityDataAssetPack_datapack__file110,6088,AnimCharacterRun,50.0,False
002_UnityDataAssetPack_datapack__file110,6089,TutorialStory,60.0,False
