reference,ui_path,source_serialized_file,source_component_id,source_class,relation,target_serialized_file,target_component_id,target_class,byte_offset,pointer_resolution,field_is_known,skin_is_known
REF02-hero-detail,/PanelHeroInfo/RightPart/BoxInfo/PanelEquipment/SlotStone/SpineUnlock,002_UnityDataAssetPack_datapack__file110,83447,Spine.Unity.SkeletonGraphic,direct_typed_pointer_candidate,002_UnityDataAssetPack_datapack__file110,75373,Spine.Unity.SkeletonDataAsset,88,local,False,False
REF02-hero-detail,/PanelHeroInfo/HeroBox/ImageBoard/SpineFaction/Skeleton,002_UnityDataAssetPack_datapack__file110,84761,Spine.Unity.SkeletonGraphic,direct_typed_pointer_candidate,002_UnityDataAssetPack_datapack__file110,75385,Spine.Unity.SkeletonDataAsset,88,local,False,False
REF02-hero-detail,/PanelHeroInfo/HeroBox/EffectHeroUp/Spine,002_UnityDataAssetPack_datapack__file110,85998,Spine.Unity.SkeletonGraphic,direct_typed_pointer_candidate,002_UnityDataAssetPack_datapack__file110,75301,Spine.Unity.SkeletonDataAsset,88,local,False,False
REF02-hero-detail,/PanelHeroInfo/RightPart/BoxInfo/PanelEquipment/SlotArtifact/ItemArtifactUI/MaskSpineBorder/SpineBoder/Skeleton,002_UnityDataAssetPack_datapack__file110,86619,Spine.Unity.SkeletonGraphic,direct_typed_pointer_candidate,002_UnityDataAssetPack_datapack__file110,75375,Spine.Unity.SkeletonDataAsset,88,local,False,False
REF02-hero-detail,/PanelHeroInfo/HeroBox/EffectHeroAwake/Spine,002_UnityDataAssetPack_datapack__file110,89008,Spine.Unity.SkeletonGraphic,direct_typed_pointer_candidate,002_UnityDataAssetPack_datapack__file110,75419,Spine.Unity.SkeletonDataAsset,88,local,False,False
REF02-hero-detail,/PanelHeroInfo/HeroBox/ImageBoard/SpineRank/Skeleton,002_UnityDataAssetPack_datapack__file110,90188,Spine.Unity.SkeletonGraphic,direct_typed_pointer_candidate,002_UnityDataAssetPack_datapack__file110,75387,Spine.Unity.SkeletonDataAsset,88,local,False,False
REF02-hero-detail,/PanelHeroInfo/RightPart/BoxInfo/PanelEquipment/SlotAccessory/ItemEquipmentUI/MaskSpineBorder/SpineBoder/Skeleton,002_UnityDataAssetPack_datapack__file110,98091,Spine.Unity.SkeletonGraphic,direct_typed_pointer_candidate,002_UnityDataAssetPack_datapack__file110,75375,Spine.Unity.SkeletonDataAsset,88,local,False,False
REF02-hero-detail,/PanelHeroInfo/RightPart/BoxInfo/PanelEquipment/SlotWeapon/ItemEquipmentUI/MaskSpineBorder/SpineBoder/Skeleton,002_UnityDataAssetPack_datapack__file110,98584,Spine.Unity.SkeletonGraphic,direct_typed_pointer_candidate,002_UnityDataAssetPack_datapack__file110,75375,Spine.Unity.SkeletonDataAsset,88,local,False,False
REF02-hero-detail,/PanelHeroInfo/RightPart/BoxInfo/PanelEquipment/SlotShoes/ItemEquipmentUI/MaskSpineBorder/SpineBoder/Skeleton,002_UnityDataAssetPack_datapack__file110,103540,Spine.Unity.SkeletonGraphic,direct_typed_pointer_candidate,002_UnityDataAssetPack_datapack__file110,75375,Spine.Unity.SkeletonDataAsset,88,local,False,False
REF02-hero-detail,/PanelHeroInfo/RightPart/BoxInfo/PanelEquipment/SlotArmor/ItemEquipmentUI/MaskSpineBorder/SpineBoder/Skeleton,002_UnityDataAssetPack_datapack__file110,105805,Spine.Unity.SkeletonGraphic,direct_typed_pointer_candidate,002_UnityDataAssetPack_datapack__file110,75375,Spine.Unity.SkeletonDataAsset,88,local,False,False
REF03-islands-map-A,/Canvas/ScrollView/Viewport/Content/ImageBgr/DumbIsland1/HandTut/HandTutorial/Skeleton,002_UnityDataAssetPack_datapack__file083,328,Spine.Unity.SkeletonGraphic,direct_typed_pointer_candidate,002_UnityDataAssetPack_datapack__file110,75299,Spine.Unity.SkeletonDataAsset,88,external_resolved,False,False
REF03-islands-map-B,/Canvas/ScrollView/Viewport/Content/ImageBgr/DumbIsland1/HandTut/HandTutorial/Skeleton,002_UnityDataAssetPack_datapack__file101,352,Spine.Unity.SkeletonGraphic,direct_typed_pointer_candidate,002_UnityDataAssetPack_datapack__file110,75299,Spine.Unity.SkeletonDataAsset,88,external_resolved,False,False
REF04-home-crew,/Canvas/Background/SpineShip1/Ship,002_UnityDataAssetPack_datapack__file025,1440,Spine.Unity.SkeletonGraphic,direct_typed_pointer_candidate,002_UnityDataAssetPack_datapack__file110,75313,Spine.Unity.SkeletonDataAsset,88,external_resolved,False,False
REF04-home-crew,/Canvas/Background/SpineFlag/Flag,002_UnityDataAssetPack_datapack__file025,1441,Spine.Unity.SkeletonGraphic,direct_typed_pointer_candidate,002_UnityDataAssetPack_datapack__file110,75307,Spine.Unity.SkeletonDataAsset,88,external_resolved,False,False
REF04-home-crew,/Canvas/Background/SpineWave/Wave,002_UnityDataAssetPack_datapack__file025,1471,Spine.Unity.SkeletonGraphic,direct_typed_pointer_candidate,002_UnityDataAssetPack_datapack__file110,75317,Spine.Unity.SkeletonDataAsset,88,external_resolved,False,False
REF04-home-crew,/Canvas/Background/SpineShipPlayer/SkeletonWave,002_UnityDataAssetPack_datapack__file025,1472,Spine.Unity.SkeletonGraphic,direct_typed_pointer_candidate,002_UnityDataAssetPack_datapack__file110,75319,Spine.Unity.SkeletonDataAsset,88,external_resolved,False,False
REF04-home-crew,/Canvas/PanelHomeTopLeft/PanelHomeQuest/Content/EffectCompleted/Spine,002_UnityDataAssetPack_datapack__file025,1515,Spine.Unity.SkeletonGraphic,direct_typed_pointer_candidate,002_UnityDataAssetPack_datapack__file110,75311,Spine.Unity.SkeletonDataAsset,88,external_resolved,False,False
REF04-home-crew,/Canvas/Background/SpineChestCrossPuzz/SpineObject,002_UnityDataAssetPack_datapack__file025,1518,Spine.Unity.SkeletonGraphic,direct_typed_pointer_candidate,002_UnityDataAssetPack_datapack__file110,75281,Spine.Unity.SkeletonDataAsset,88,external_resolved,False,False
REF04-home-crew,/Canvas/Background/SpineShipPlayer/SkeletonShipPlayer,002_UnityDataAssetPack_datapack__file025,1662,Spine.Unity.SkeletonGraphic,direct_typed_pointer_candidate,002_UnityDataAssetPack_datapack__file110,76208,Spine.Unity.SkeletonDataAsset,88,external_resolved,False,False
REF04-home-crew,/Canvas/Background/SpineCloud/Cloud,002_UnityDataAssetPack_datapack__file025,1692,Spine.Unity.SkeletonGraphic,direct_typed_pointer_candidate,002_UnityDataAssetPack_datapack__file110,75309,Spine.Unity.SkeletonDataAsset,88,external_resolved,False,False
REF04-home-crew,/Canvas/PanelHomeTopLeft/PanelHomeQuest/Content/ItemWrapper/GameItem/ItemArtifactUI/MaskSpineBorder/SpineBoder/Skeleton,002_UnityDataAssetPack_datapack__file025,1751,Spine.Unity.SkeletonGraphic,direct_typed_pointer_candidate,002_UnityDataAssetPack_datapack__file110,75375,Spine.Unity.SkeletonDataAsset,88,external_resolved,False,False
REF04-home-crew,/Canvas/PanelHomeTopLeft/PanelHomeQuest/Content/ItemWrapper/GameItem/ItemEquipmentUI/MaskSpineBorder/SpineBoder/Skeleton,002_UnityDataAssetPack_datapack__file025,1792,Spine.Unity.SkeletonGraphic,direct_typed_pointer_candidate,002_UnityDataAssetPack_datapack__file110,75375,Spine.Unity.SkeletonDataAsset,88,external_resolved,False,False
REF02-hero-detail,/PanelHeroInfo/RightPart/BoxInfo/PanelEquipment/SlotStone/SpineUnlock,002_UnityDataAssetPack_datapack__file110,75373,Spine.Unity.SkeletonDataAsset,data_asset_to_atlas_pointer_candidate,002_UnityDataAssetPack_datapack__file110,75372,Spine.Unity.SpineAtlasAsset,60,local,False,False
REF02-hero-detail,/PanelHeroInfo/HeroBox/ImageBoard/SpineFaction/Skeleton,002_UnityDataAssetPack_datapack__file110,75385,Spine.Unity.SkeletonDataAsset,data_asset_to_atlas_pointer_candidate,002_UnityDataAssetPack_datapack__file110,75384,Spine.Unity.SpineAtlasAsset,56,local,False,False
REF02-hero-detail,/PanelHeroInfo/HeroBox/EffectHeroUp/Spine,002_UnityDataAssetPack_datapack__file110,75301,Spine.Unity.SkeletonDataAsset,data_asset_to_atlas_pointer_candidate,002_UnityDataAssetPack_datapack__file110,75300,Spine.Unity.SpineAtlasAsset,60,local,False,False
REF02-hero-detail,/PanelHeroInfo/RightPart/BoxInfo/PanelEquipment/SlotArtifact/ItemArtifactUI/MaskSpineBorder/SpineBoder/Skeleton,002_UnityDataAssetPack_datapack__file110,75375,Spine.Unity.SkeletonDataAsset,data_asset_to_atlas_pointer_candidate,002_UnityDataAssetPack_datapack__file110,75374,Spine.Unity.SpineAtlasAsset,60,local,False,False
REF02-hero-detail,/PanelHeroInfo/HeroBox/EffectHeroAwake/Spine,002_UnityDataAssetPack_datapack__file110,75419,Spine.Unity.SkeletonDataAsset,data_asset_to_atlas_pointer_candidate,002_UnityDataAssetPack_datapack__file110,75418,Spine.Unity.SpineAtlasAsset,56,local,False,False
REF02-hero-detail,/PanelHeroInfo/HeroBox/ImageBoard/SpineRank/Skeleton,002_UnityDataAssetPack_datapack__file110,75387,Spine.Unity.SkeletonDataAsset,data_asset_to_atlas_pointer_candidate,002_UnityDataAssetPack_datapack__file110,75386,Spine.Unity.SpineAtlasAsset,56,local,False,False
REF03-islands-map-A,/Canvas/ScrollView/Viewport/Content/ImageBgr/DumbIsland1/HandTut/HandTutorial/Skeleton,002_UnityDataAssetPack_datapack__file110,75299,Spine.Unity.SkeletonDataAsset,data_asset_to_atlas_pointer_candidate,002_UnityDataAssetPack_datapack__file110,75298,Spine.Unity.SpineAtlasAsset,56,local,False,False
REF03-islands-map-B,/Canvas/ScrollView/Viewport/Content/ImageBgr/DumbIsland1/HandTut/HandTutorial/Skeleton,002_UnityDataAssetPack_datapack__file110,75299,Spine.Unity.SkeletonDataAsset,data_asset_to_atlas_pointer_candidate,002_UnityDataAssetPack_datapack__file110,75298,Spine.Unity.SpineAtlasAsset,56,local,False,False
REF04-home-crew,/Canvas/Background/SpineShip1/Ship,002_UnityDataAssetPack_datapack__file110,75313,Spine.Unity.SkeletonDataAsset,data_asset_to_atlas_pointer_candidate,002_UnityDataAssetPack_datapack__file110,75312,Spine.Unity.SpineAtlasAsset,56,local,False,False
REF04-home-crew,/Canvas/Background/SpineFlag/Flag,002_UnityDataAssetPack_datapack__file110,75307,Spine.Unity.SkeletonDataAsset,data_asset_to_atlas_pointer_candidate,002_UnityDataAssetPack_datapack__file110,75306,Spine.Unity.SpineAtlasAsset,60,local,False,False
REF04-home-crew,/Canvas/Background/SpineWave/Wave,002_UnityDataAssetPack_datapack__file110,75317,Spine.Unity.SkeletonDataAsset,data_asset_to_atlas_pointer_candidate,002_UnityDataAssetPack_datapack__file110,75316,Spine.Unity.SpineAtlasAsset,56,local,False,False
REF04-home-crew,/Canvas/Background/SpineShipPlayer/SkeletonWave,002_UnityDataAssetPack_datapack__file110,75319,Spine.Unity.SkeletonDataAsset,data_asset_to_atlas_pointer_candidate,002_UnityDataAssetPack_datapack__file110,75318,Spine.Unity.SpineAtlasAsset,60,local,False,False
REF04-home-crew,/Canvas/PanelHomeTopLeft/PanelHomeQuest/Content/EffectCompleted/Spine,002_UnityDataAssetPack_datapack__file110,75311,Spine.Unity.SkeletonDataAsset,data_asset_to_atlas_pointer_candidate,002_UnityDataAssetPack_datapack__file110,75310,Spine.Unity.SpineAtlasAsset,60,local,False,False
REF04-home-crew,/Canvas/Background/SpineChestCrossPuzz/SpineObject,002_UnityDataAssetPack_datapack__file110,75281,Spine.Unity.SkeletonDataAsset,data_asset_to_atlas_pointer_candidate,002_UnityDataAssetPack_datapack__file110,75280,Spine.Unity.SpineAtlasAsset,60,local,False,False
REF04-home-crew,/Canvas/Background/SpineShipPlayer/SkeletonShipPlayer,002_UnityDataAssetPack_datapack__file110,76208,Spine.Unity.SkeletonDataAsset,data_asset_to_atlas_pointer_candidate,002_UnityDataAssetPack_datapack__file110,76207,Spine.Unity.SpineAtlasAsset,60,local,False,False
REF04-home-crew,/Canvas/Background/SpineCloud/Cloud,002_UnityDataAssetPack_datapack__file110,75309,Spine.Unity.SkeletonDataAsset,data_asset_to_atlas_pointer_candidate,002_UnityDataAssetPack_datapack__file110,75308,Spine.Unity.SpineAtlasAsset,56,local,False,False
REF04-home-crew,/Canvas/PanelHomeTopLeft/PanelHomeQuest/Content/ItemWrapper/GameItem/ItemArtifactUI/MaskSpineBorder/SpineBoder/Skeleton,002_UnityDataAssetPack_datapack__file110,75375,Spine.Unity.SkeletonDataAsset,data_asset_to_atlas_pointer_candidate,002_UnityDataAssetPack_datapack__file110,75374,Spine.Unity.SpineAtlasAsset,60,local,False,False
