serialized_file,path_id,type,name,gameobject
002_UnityDataAssetPack_datapack__file017,478,Animator,,ImageEff
002_UnityDataAssetPack_datapack__file017,479,Animator,,TextHp
002_UnityDataAssetPack_datapack__file017,480,Animator,,TextHp
002_UnityDataAssetPack_datapack__file017,481,Animator,,TextHp
002_UnityDataAssetPack_datapack__file017,482,Animator,,TextBlock
002_UnityDataAssetPack_datapack__file035,311,Animator,,Flowing
002_UnityDataAssetPack_datapack__file045,314,Animator,,MeshLotion
002_UnityDataAssetPack_datapack__file053,209,Animator,,BraveChest
002_UnityDataAssetPack_datapack__file059,165,Animator,,ButtonNext
002_UnityDataAssetPack_datapack__file059,166,Animator,,ButtonPrev
002_UnityDataAssetPack_datapack__file069,234,Animator,,Progress
002_UnityDataAssetPack_datapack__file069,235,Animator,,Progress
002_UnityDataAssetPack_datapack__file069,236,Animator,,Progress
002_UnityDataAssetPack_datapack__file069,237,Animator,,Progress
002_UnityDataAssetPack_datapack__file069,238,Animator,,Progress
002_UnityDataAssetPack_datapack__file069,239,Animator,,Progress
002_UnityDataAssetPack_datapack__file069,240,Animator,,Progress
002_UnityDataAssetPack_datapack__file089,176,Animator,,ImageEff
002_UnityDataAssetPack_datapack__file089,177,Animator,,TextHp
002_UnityDataAssetPack_datapack__file089,178,Animator,,TextHp
002_UnityDataAssetPack_datapack__file089,179,Animator,,TextHp
002_UnityDataAssetPack_datapack__file089,180,Animator,,TextBlock
002_UnityDataAssetPack_datapack__file089,181,Animator,,Focus
002_UnityDataAssetPack_datapack__file097,178,Animator,,ImageEff
002_UnityDataAssetPack_datapack__file097,179,Animator,,TextHp
002_UnityDataAssetPack_datapack__file097,180,Animator,,TextHp
002_UnityDataAssetPack_datapack__file097,181,Animator,,TextHp
002_UnityDataAssetPack_datapack__file097,182,Animator,,TextBlock
002_UnityDataAssetPack_datapack__file097,183,Animator,,Focus
002_UnityDataAssetPack_datapack__file110,6043,AnimationClip,BlackVeilAni,
002_UnityDataAssetPack_datapack__file110,6044,AnimationClip,ChestIdle,
002_UnityDataAssetPack_datapack__file110,6045,AnimationClip,ChestZoom,
002_UnityDataAssetPack_datapack__file110,6046,AnimationClip,DungeonLotion,
002_UnityDataAssetPack_datapack__file110,6047,AnimationClip,up,
002_UnityDataAssetPack_datapack__file110,6048,AnimationClip,HandPointing,
002_UnityDataAssetPack_datapack__file110,6049,AnimationClip,HandDrag,
002_UnityDataAssetPack_datapack__file110,6050,AnimationClip,AniHeroDowngrade,
002_UnityDataAssetPack_datapack__file110,6051,AnimationClip,AniHeroUpdrade,
002_UnityDataAssetPack_datapack__file110,6052,AnimationClip,Down,
002_UnityDataAssetPack_datapack__file110,6053,AnimationClip,Up,
002_UnityDataAssetPack_datapack__file110,6054,AnimationClip,mine_full,
002_UnityDataAssetPack_datapack__file110,6055,AnimationClip,mine_idle,
002_UnityDataAssetPack_datapack__file110,6056,AnimationClip,Flowing,
002_UnityDataAssetPack_datapack__file110,6057,AnimationClip,search,
002_UnityDataAssetPack_datapack__file110,6058,AnimationClip,AniSpin,
002_UnityDataAssetPack_datapack__file110,6059,AnimationClip,Loop,
002_UnityDataAssetPack_datapack__file110,6060,AnimationClip,SummonChar,
002_UnityDataAssetPack_datapack__file110,6061,AnimationClip,StatusEffect,
002_UnityDataAssetPack_datapack__file110,6062,AnimationClip,Ani_Block,
002_UnityDataAssetPack_datapack__file110,6063,AnimationClip,Ani_HpBuff,
002_UnityDataAssetPack_datapack__file110,6064,AnimationClip,HpCrit,
002_UnityDataAssetPack_datapack__file110,6065,AnimationClip,HpLost,
002_UnityDataAssetPack_datapack__file110,6066,AnimationClip,Ani_LeftHpLost,
002_UnityDataAssetPack_datapack__file110,6067,AnimationClip,Ani_Revine,
002_UnityDataAssetPack_datapack__file110,6068,AnimationClip,Ani_RightHpLost,
002_UnityDataAssetPack_datapack__file110,6069,AnimationClip,TutorialFK,
002_UnityDataAssetPack_datapack__file110,6070,AnimationClip,Name,
002_UnityDataAssetPack_datapack__file110,6071,AnimationClip,Focus,
002_UnityDataAssetPack_datapack__file110,6072,AnimationClip,Gold,
002_UnityDataAssetPack_datapack__file110,6073,AnimationClip,Next,
002_UnityDataAssetPack_datapack__file110,6074,AnimationClip,Prev,
002_UnityDataAssetPack_datapack__file110,6075,AnimationClip,Close,
002_UnityDataAssetPack_datapack__file110,6076,AnimationClip,Open,
002_UnityDataAssetPack_datapack__file110,6077,AnimationClip,Summon,
002_UnityDataAssetPack_datapack__file110,6078,AnimationClip,NextLevel,
002_UnityDataAssetPack_datapack__file110,6079,AnimationClip,StartGame,
002_UnityDataAssetPack_datapack__file110,6080,AnimationClip,Def,
002_UnityDataAssetPack_datapack__file110,6081,AnimationClip,SplashScene,
002_UnityDataAssetPack_datapack__file110,6082,AnimationClip,Ani_HpBuff,
002_UnityDataAssetPack_datapack__file110,6083,AnimationClip,HpCrit,
002_UnityDataAssetPack_datapack__file110,6084,AnimationClip,HpLost,
002_UnityDataAssetPack_datapack__file110,6085,AnimationClip,HpFlyUp,
002_UnityDataAssetPack_datapack__file110,6086,AnimationClip,HpFlyUp,
002_UnityDataAssetPack_datapack__file110,6087,AnimationClip,AnimCharacterIdle,
002_UnityDataAssetPack_datapack__file110,6088,AnimationClip,AnimCharacterRun,
002_UnityDataAssetPack_datapack__file110,6089,AnimationClip,TutorialStory,
002_UnityDataAssetPack_datapack__file110,6215,AnimatorController,BlackVeilEffect,
002_UnityDataAssetPack_datapack__file110,6216,AnimatorController,BraveChest,
002_UnityDataAssetPack_datapack__file110,6217,AnimatorController,MeshLotion,
002_UnityDataAssetPack_datapack__file110,6218,AnimatorController,ItemBonusShow,
002_UnityDataAssetPack_datapack__file110,6219,AnimatorController,HandTutorial,
002_UnityDataAssetPack_datapack__file110,6220,AnimatorController,HandTutorialDrag,
002_UnityDataAssetPack_datapack__file110,6221,AnimatorController,HeroPointFlyDown,
002_UnityDataAssetPack_datapack__file110,6222,AnimatorController,HeroPointFlyUp,
002_UnityDataAssetPack_datapack__file110,6223,AnimatorController,LayoutElement,
002_UnityDataAssetPack_datapack__file110,6224,AnimatorController,Progress,
002_UnityDataAssetPack_datapack__file110,6225,AnimatorController,Flowing,
002_UnityDataAssetPack_datapack__file110,6226,AnimatorController,icon_map,
002_UnityDataAssetPack_datapack__file110,6227,AnimatorController,SpinCoin,
002_UnityDataAssetPack_datapack__file110,6228,AnimatorController,Summon_loop,
002_UnityDataAssetPack_datapack__file110,6229,AnimatorController,ImageEff,
002_UnityDataAssetPack_datapack__file110,6230,AnimatorController,TextBlock,
002_UnityDataAssetPack_datapack__file110,6231,AnimatorController,TextHp,
002_UnityDataAssetPack_datapack__file110,6232,AnimatorController,TextHp,
002_UnityDataAssetPack_datapack__file110,6233,AnimatorController,TextHp,
002_UnityDataAssetPack_datapack__file110,6234,AnimatorController,TextHp,
002_UnityDataAssetPack_datapack__file110,6235,AnimatorController,TextRevine,
002_UnityDataAssetPack_datapack__file110,6236,AnimatorController,TextHp,
002_UnityDataAssetPack_datapack__file110,6237,AnimatorController,PopupTutorialFK,
002_UnityDataAssetPack_datapack__file110,6238,AnimatorController,PlayerName,
002_UnityDataAssetPack_datapack__file110,6239,AnimatorController,Focus,
002_UnityDataAssetPack_datapack__file110,6240,AnimatorController,Gold,
002_UnityDataAssetPack_datapack__file110,6241,AnimatorController,ButtonNext,
002_UnityDataAssetPack_datapack__file110,6242,AnimatorController,ButtonPrev,
002_UnityDataAssetPack_datapack__file110,6243,AnimatorController,Door,
002_UnityDataAssetPack_datapack__file110,6244,AnimatorController,WallStone,
002_UnityDataAssetPack_datapack__file110,6245,AnimatorController,NextTowerAnim,
002_UnityDataAssetPack_datapack__file110,6246,AnimatorController,Splash,
002_UnityDataAssetPack_datapack__file110,6247,AnimatorController,TextHp,
002_UnityDataAssetPack_datapack__file110,6248,AnimatorController,TextHp,
002_UnityDataAssetPack_datapack__file110,6249,AnimatorController,TextHp,
002_UnityDataAssetPack_datapack__file110,6250,AnimatorController,TapHpText,
002_UnityDataAssetPack_datapack__file110,6251,AnimatorController,TapHpText,
002_UnityDataAssetPack_datapack__file110,6252,AnimatorController,icon,
002_UnityDataAssetPack_datapack__file110,6253,AnimatorController,TutorialStory,
002_UnityDataAssetPack_datapack__file110,33259,Animator,,HeroPointFlyUp
002_UnityDataAssetPack_datapack__file110,33260,Animator,,HeroPointFlyDown
002_UnityDataAssetPack_datapack__file110,33261,Animator,,ImageEff
002_UnityDataAssetPack_datapack__file110,33262,Animator,,TextHp
002_UnityDataAssetPack_datapack__file110,33263,Animator,,HeroPointFlyUp
002_UnityDataAssetPack_datapack__file110,33264,Animator,,LayoutElement
002_UnityDataAssetPack_datapack__file110,33265,Animator,,HandTutorialDrag
002_UnityDataAssetPack_datapack__file110,33266,Animator,,HeroPointFlyDown
002_UnityDataAssetPack_datapack__file110,33267,Animator,,icon_map
002_UnityDataAssetPack_datapack__file110,33268,Animator,,Flowing
002_UnityDataAssetPack_datapack__file110,33269,Animator,,Flowing
002_UnityDataAssetPack_datapack__file110,33270,Animator,,TextHp
002_UnityDataAssetPack_datapack__file110,33271,Animator,,TextHp
002_UnityDataAssetPack_datapack__file110,33272,Animator,,BlackVeilEffect
002_UnityDataAssetPack_datapack__file110,33273,Animator,,ItemBonusShow
002_UnityDataAssetPack_datapack__file110,33274,Animator,,TextRevine
002_UnityDataAssetPack_datapack__file110,33275,Animator,,TextBlock
002_UnityDataAssetPack_datapack__file110,33276,Animator,,TextHp
002_UnityDataAssetPack_datapack__file110,33277,Animator,,HeroPointFlyDown
002_UnityDataAssetPack_datapack__file110,33278,Animator,,HeroPointFlyUp
002_UnityDataAssetPack_datapack__file110,33279,Animator,,avatar
002_UnityDataAssetPack_datapack__file110,33280,Animator,,Gold
002_UnityDataAssetPack_datapack__file110,33281,Animator,,Progress
002_UnityDataAssetPack_datapack__file110,33282,Animator,,TapHpText
002_UnityDataAssetPack_datapack__file110,33283,Animator,,TapHpText
002_UnityDataAssetPack_datapack__file110,33284,Animator,,BattlePlayerName
002_UnityDataAssetPack_datapack__file110,33285,Animator,,DummySpinCoin
002_UnityDataAssetPack_datapack__file110,33286,Animator,,TextHp
002_UnityDataAssetPack_datapack__file110,33287,Animator,,Door
002_UnityDataAssetPack_datapack__file110,33288,Animator,,Focus
002_UnityDataAssetPack_datapack__file110,33289,Animator,,PopupSummonHeroes
002_UnityDataAssetPack_datapack__file110,33290,Animator,,TextHp
002_UnityDataAssetPack_datapack__file110,33291,Animator,,DoorTop
002_UnityDataAssetPack_datapack__file110,33292,Animator,,TextHp
002_UnityDataAssetPack_datapack__file110,33293,Animator,,BattlePlayerName
002_UnityDataAssetPack_datapack__file110,33294,Animator,,BattlePlayerName
002_UnityDataAssetPack_datapack__file110,33295,Animator,,TutorialStory
002_UnityDataAssetPack_datapack__file110,33296,Animator,,TextHp
