bundle,canvas_id,gameobject_id,name,path,transform_id,sort_order,descendant_ui_nodes
000_com.mobi389.murom_data__file004,39,13,Canvas,/Canvas,49,0,19
002_UnityDataAssetPack_datapack__file001,251,124,Canvas,/Canvas,369,0,127
002_UnityDataAssetPack_datapack__file003,857,271,Canvas,/Canvas,1085,0,432
002_UnityDataAssetPack_datapack__file005,114,34,Canvas,/Canvas,145,0,51
002_UnityDataAssetPack_datapack__file007,855,65,Canvas,/Canvas,907,0,472
002_UnityDataAssetPack_datapack__file009,174,86,Canvas,/Canvas,253,0,85
002_UnityDataAssetPack_datapack__file011,901,155,Canvas,/Canvas,1053,0,494
002_UnityDataAssetPack_datapack__file013,183,77,Canvas,/Canvas,258,0,92
002_UnityDataAssetPack_datapack__file015,111,51,Canvas,/Canvas,154,0,52
002_UnityDataAssetPack_datapack__file017,771,21,CanvasTopMost,/CanvasTopMost,784,0,1
002_UnityDataAssetPack_datapack__file017,772,64,CanvasBattle,/CanvasBattle,809,0,30
002_UnityDataAssetPack_datapack__file017,773,73,Canvas,/Canvas,814,0,279
002_UnityDataAssetPack_datapack__file019,75,38,Canvas,/Canvas,110,0,35
002_UnityDataAssetPack_datapack__file021,85,43,Canvas,/Canvas,125,0,40
002_UnityDataAssetPack_datapack__file023,87,48,Canvas,/Canvas,132,0,45
002_UnityDataAssetPack_datapack__file025,907,108,CanvasExpand,/CanvasExpand,1011,1,1
002_UnityDataAssetPack_datapack__file025,908,121,Canvas,/Canvas,1024,0,503
002_UnityDataAssetPack_datapack__file027,284,108,Canvas,/Canvas,390,0,153
002_UnityDataAssetPack_datapack__file029,136,69,Canvas,/Canvas,202,0,66
002_UnityDataAssetPack_datapack__file031,110,56,Canvas,/Canvas,163,0,53
002_UnityDataAssetPack_datapack__file033,21,8,Canvas,/Canvas,22,0,1
002_UnityDataAssetPack_datapack__file035,566,112,CanvasExpand,/CanvasExpand,676,1,1
002_UnityDataAssetPack_datapack__file035,567,130,Canvas,/Canvas,694,0,301
002_UnityDataAssetPack_datapack__file037,282,105,Canvas,/Canvas,384,0,156
002_UnityDataAssetPack_datapack__file039,147,72,Canvas,/Canvas,212,0,71
002_UnityDataAssetPack_datapack__file041,227,91,Canvas,/Canvas,318,0,115
002_UnityDataAssetPack_datapack__file043,275,96,Canvas,/Canvas,368,0,151
002_UnityDataAssetPack_datapack__file045,553,98,Canvas,/Canvas,650,0,305
002_UnityDataAssetPack_datapack__file047,332,168,Canvas,/Canvas,497,0,184
002_UnityDataAssetPack_datapack__file049,177,90,Canvas,/Canvas,266,0,99
002_UnityDataAssetPack_datapack__file051,150,79,Canvas,/Canvas,226,0,76
002_UnityDataAssetPack_datapack__file053,390,171,Canvas,/Canvas,542,0,200
002_UnityDataAssetPack_datapack__file055,210,46,Canvas,/Canvas,249,0,114
002_UnityDataAssetPack_datapack__file057,21,8,Canvas,/Canvas,22,0,1
002_UnityDataAssetPack_datapack__file059,294,79,CanvasPop,/CanvasPop,373,10,4
002_UnityDataAssetPack_datapack__file059,295,97,CanvasBattle,/CanvasBattle,390,0,2
002_UnityDataAssetPack_datapack__file059,296,157,Canvas,/Canvas,449,0,147
002_UnityDataAssetPack_datapack__file061,370,64,Canvas,/Canvas,422,0,192
002_UnityDataAssetPack_datapack__file063,19,2,Canvas,/Canvas,21,0,4
002_UnityDataAssetPack_datapack__file065,147,72,Canvas,/Canvas,212,0,71
002_UnityDataAssetPack_datapack__file067,133,6,CanvasTopMost,/CanvasTopMost,140,0,1
002_UnityDataAssetPack_datapack__file067,134,55,CanvasNoExpand,/CanvasNoExpand,180,0,4
002_UnityDataAssetPack_datapack__file067,135,68,Canvas,/Canvas,190,0,50
002_UnityDataAssetPack_datapack__file069,440,9,CanvasPopup,/CanvasPopup,450,1,2
002_UnityDataAssetPack_datapack__file069,441,93,Canvas,/Canvas,531,0,223
002_UnityDataAssetPack_datapack__file071,907,108,CanvasExpand,/CanvasExpand,1011,1,1
002_UnityDataAssetPack_datapack__file071,908,121,Canvas,/Canvas,1024,0,503
002_UnityDataAssetPack_datapack__file073,174,59,CanvasExpand,/CanvasExpand,231,1,1
002_UnityDataAssetPack_datapack__file073,175,70,Canvas,/Canvas,242,0,87
002_UnityDataAssetPack_datapack__file075,142,22,Canvas,/Canvas,161,0,75
002_UnityDataAssetPack_datapack__file077,183,77,Canvas,/Canvas,258,0,92
002_UnityDataAssetPack_datapack__file079,226,42,CanvasExpand,/CanvasExpand,266,1,1
002_UnityDataAssetPack_datapack__file079,227,52,Canvas,/Canvas,276,0,134
002_UnityDataAssetPack_datapack__file081,443,199,Canvas,/Canvas,623,0,228
002_UnityDataAssetPack_datapack__file083,144,72,Canvas,/Canvas,213,0,70
002_UnityDataAssetPack_datapack__file085,229,36,Canvas,/Canvas,263,0,119
002_UnityDataAssetPack_datapack__file087,125,32,CanvasBattle,/CanvasBattle,136,0,5
002_UnityDataAssetPack_datapack__file087,126,44,Canvas,/Canvas,142,0,11
002_UnityDataAssetPack_datapack__file089,276,13,CanvasTopMost,/CanvasTopMost,287,0,27
002_UnityDataAssetPack_datapack__file089,277,32,CanvasBattle,/CanvasBattle,301,0,32
002_UnityDataAssetPack_datapack__file089,278,39,Canvas,/Canvas,308,0,37
002_UnityDataAssetPack_datapack__file091,78,21,CanvasBgr,/CanvasBgr,94,0,5
002_UnityDataAssetPack_datapack__file091,79,26,Canvas,/Canvas,99,0,26
002_UnityDataAssetPack_datapack__file093,90,24,Canvas,/Canvas,111,0,44
002_UnityDataAssetPack_datapack__file095,80,40,Canvas,/Canvas,117,0,37
002_UnityDataAssetPack_datapack__file097,280,13,CanvasTopMost,/CanvasTopMost,291,0,30
002_UnityDataAssetPack_datapack__file097,281,32,CanvasBattle,/CanvasBattle,305,0,32
002_UnityDataAssetPack_datapack__file097,282,39,Canvas,/Canvas,312,0,36
002_UnityDataAssetPack_datapack__file099,229,36,Canvas,/Canvas,263,0,119
002_UnityDataAssetPack_datapack__file101,157,79,Canvas,/Canvas,233,0,77
002_UnityDataAssetPack_datapack__file103,19,8,Canvas,/Canvas,24,0,5
002_UnityDataAssetPack_datapack__file105,13,4,Canvas,/Canvas,14,0,1
002_UnityDataAssetPack_datapack__file107,327,100,Canvas,/Canvas,424,0,172
002_UnityDataAssetPack_datapack__file109,312,97,Canvas,/Canvas,406,0,166
002_UnityDataAssetPack_datapack__file110,52446,22537,PanelTutorialKeyHoleNew,/PanelTutorialKeyHoleNew,64831,10,4
002_UnityDataAssetPack_datapack__file110,52447,22538,PanelTutorialKeyHole,/PanelTutorialKeyHole,64832,0,2
002_UnityDataAssetPack_datapack__file110,52448,14080,Canvas,/Canvas,56490,0,1
002_UnityDataAssetPack_datapack__file110,52449,15074,CanvasPopup,/CanvasPopup,53418,0,1
