archive,path,category,uncompressed_bytes
xapk,icon.png,image,67382
xapk,manifest.json,resource_candidate,4041
000_com.mobi389.murom.apk,AndroidManifest.xml,resource_candidate,21860
000_com.mobi389.murom.apk,assets/bin/Data/RuntimeInitializeOnLoads.json,resource_candidate,3249
000_com.mobi389.murom.apk,assets/bin/Data/ScriptingAssemblies.json,resource_candidate,3765
000_com.mobi389.murom.apk,assets/bin/Data/data.unity3d,resource_candidate,3854783
000_com.mobi389.murom.apk,assets/gosu-service.json,resource_candidate,132
000_com.mobi389.murom.apk,assets/gss_btn_back_normal.png,image,2899
000_com.mobi389.murom.apk,assets/gss_close_black.png,image,987
000_com.mobi389.murom.apk,assets/gss_close_nofocus.png,image,3830
000_com.mobi389.murom.apk,assets/gss_com_facebook_close.png,image,1821
000_com.mobi389.murom.apk,assets/gss_gosu_logo.png,image,5877
000_com.mobi389.murom.apk,assets/gss_ic_circle.png,image,6749
000_com.mobi389.murom.apk,assets/gss_ic_circle_left.png,image,4886
000_com.mobi389.murom.apk,assets/gss_ic_circle_right.png,image,5076
000_com.mobi389.murom.apk,assets/gss_ic_email.png,image,3140
000_com.mobi389.murom.apk,assets/gss_ic_eye.png,image,1217
000_com.mobi389.murom.apk,assets/gss_ic_eye_focus.png,image,1218
000_com.mobi389.murom.apk,assets/gss_ic_fb.png,image,4843
000_com.mobi389.murom.apk,assets/gss_ic_fl_close.png,image,2336
000_com.mobi389.murom.apk,assets/gss_ic_fl_fanpage.png,image,11656
000_com.mobi389.murom.apk,assets/gss_ic_fl_gift.png,image,7100
000_com.mobi389.murom.apk,assets/gss_ic_fl_gosu.png,image,7969
000_com.mobi389.murom.apk,assets/gss_ic_fl_line.png,image,2796
000_com.mobi389.murom.apk,assets/gss_ic_fl_new.png,image,7678
000_com.mobi389.murom.apk,assets/gss_ic_fl_public.png,image,9599
000_com.mobi389.murom.apk,assets/gss_ic_fl_setting.png,image,14734
000_com.mobi389.murom.apk,assets/gss_ic_fl_video.png,image,12493
000_com.mobi389.murom.apk,assets/gss_ic_gg.png,image,4913
000_com.mobi389.murom.apk,assets/gss_ic_key.png,image,3641
000_com.mobi389.murom.apk,assets/gss_ic_pass.png,image,3577
000_com.mobi389.murom.apk,assets/gss_ic_phone.png,image,3204
000_com.mobi389.murom.apk,assets/gss_ic_serial.png,image,3244
000_com.mobi389.murom.apk,assets/gss_ic_tk_back.png,image,4320
000_com.mobi389.murom.apk,assets/gss_ic_tk_back1.png,image,6476
000_com.mobi389.murom.apk,assets/gss_ic_tk_edit.png,image,3581
000_com.mobi389.murom.apk,assets/gss_ic_tk_email.png,image,3243
000_com.mobi389.murom.apk,assets/gss_ic_tk_lock.png,image,3244
000_com.mobi389.murom.apk,assets/gss_ic_tk_phone.png,image,3278
000_com.mobi389.murom.apk,assets/gss_ic_tk_user.png,image,3230
000_com.mobi389.murom.apk,assets/gss_ic_user.png,image,3583
000_com.mobi389.murom.apk,assets/gss_sound_no.png,image,8118
000_com.mobi389.murom.apk,assets/gss_sound_yes.png,image,7754
000_com.mobi389.murom.apk,res/anim/abc_fade_in.xml,resource_candidate,388
000_com.mobi389.murom.apk,res/anim/abc_fade_out.xml,resource_candidate,388
000_com.mobi389.murom.apk,res/anim/abc_grow_fade_in_from_bottom.xml,resource_candidate,852
000_com.mobi389.murom.apk,res/anim/abc_popup_enter.xml,resource_candidate,508
000_com.mobi389.murom.apk,res/anim/abc_popup_exit.xml,resource_candidate,508
000_com.mobi389.murom.apk,res/anim/abc_shrink_fade_out_from_bottom.xml,resource_candidate,852
000_com.mobi389.murom.apk,res/anim/abc_slide_in_bottom.xml,resource_candidate,396
000_com.mobi389.murom.apk,res/anim/abc_slide_in_top.xml,resource_candidate,396
000_com.mobi389.murom.apk,res/anim/abc_slide_out_bottom.xml,resource_candidate,396
000_com.mobi389.murom.apk,res/anim/abc_slide_out_top.xml,resource_candidate,396
000_com.mobi389.murom.apk,res/anim/abc_tooltip_enter.xml,resource_candidate,388
000_com.mobi389.murom.apk,res/anim/abc_tooltip_exit.xml,resource_candidate,388
000_com.mobi389.murom.apk,res/anim/btn_checkbox_to_checked_box_inner_merged_animation.xml,resource_candidate,2124
000_com.mobi389.murom.apk,res/anim/btn_checkbox_to_checked_box_outer_merged_animation.xml,resource_candidate,2780
000_com.mobi389.murom.apk,res/anim/btn_checkbox_to_checked_icon_null_animation.xml,resource_candidate,1196
000_com.mobi389.murom.apk,res/anim/btn_checkbox_to_unchecked_box_inner_merged_animation.xml,resource_candidate,2360
000_com.mobi389.murom.apk,res/anim/btn_checkbox_to_unchecked_check_path_merged_animation.xml,resource_candidate,2520
000_com.mobi389.murom.apk,res/anim/btn_checkbox_to_unchecked_icon_null_animation.xml,resource_candidate,1196
000_com.mobi389.murom.apk,res/anim/btn_radio_to_off_mtrl_dot_group_animation.xml,resource_candidate,1656
000_com.mobi389.murom.apk,res/anim/btn_radio_to_off_mtrl_ring_outer_animation.xml,resource_candidate,1656
000_com.mobi389.murom.apk,res/anim/btn_radio_to_off_mtrl_ring_outer_path_animation.xml,resource_candidate,1028
000_com.mobi389.murom.apk,res/anim/btn_radio_to_on_mtrl_dot_group_animation.xml,resource_candidate,1656
000_com.mobi389.murom.apk,res/anim/btn_radio_to_on_mtrl_ring_outer_animation.xml,resource_candidate,1656
000_com.mobi389.murom.apk,res/anim/btn_radio_to_on_mtrl_ring_outer_path_animation.xml,resource_candidate,1028
000_com.mobi389.murom.apk,res/anim-v21/fragment_fast_out_extra_slow_in.xml,resource_candidate,364
000_com.mobi389.murom.apk,res/animator/fragment_close_enter.xml,resource_candidate,1128
000_com.mobi389.murom.apk,res/animator/fragment_close_exit.xml,resource_candidate,1128
000_com.mobi389.murom.apk,res/animator/fragment_fade_enter.xml,resource_candidate,452
000_com.mobi389.murom.apk,res/animator/fragment_fade_exit.xml,resource_candidate,452
000_com.mobi389.murom.apk,res/animator/fragment_open_enter.xml,resource_candidate,1128
000_com.mobi389.murom.apk,res/animator/fragment_open_exit.xml,resource_candidate,1128
000_com.mobi389.murom.apk,res/color/abc_background_cache_hint_selector_material_dark.xml,resource_candidate,468
000_com.mobi389.murom.apk,res/color/abc_background_cache_hint_selector_material_light.xml,resource_candidate,468
000_com.mobi389.murom.apk,res/color/abc_btn_colored_text_material.xml,resource_candidate,604
000_com.mobi389.murom.apk,res/color/abc_hint_foreground_material_dark.xml,resource_candidate,564
000_com.mobi389.murom.apk,res/color/abc_hint_foreground_material_light.xml,resource_candidate,564
000_com.mobi389.murom.apk,res/color/abc_primary_text_disable_only_material_dark.xml,resource_candidate,464
000_com.mobi389.murom.apk,res/color/abc_primary_text_disable_only_material_light.xml,resource_candidate,464
000_com.mobi389.murom.apk,res/color/abc_primary_text_material_dark.xml,resource_candidate,464
000_com.mobi389.murom.apk,res/color/abc_primary_text_material_light.xml,resource_candidate,464
000_com.mobi389.murom.apk,res/color/abc_search_url_text.xml,resource_candidate,588
000_com.mobi389.murom.apk,res/color/abc_secondary_text_material_dark.xml,resource_candidate,464
000_com.mobi389.murom.apk,res/color/abc_secondary_text_material_light.xml,resource_candidate,464
000_com.mobi389.murom.apk,res/color/abc_tint_btn_checkable.xml,resource_candidate,728
000_com.mobi389.murom.apk,res/color/abc_tint_default.xml,resource_candidate,1224
000_com.mobi389.murom.apk,res/color/abc_tint_edittext.xml,resource_candidate,772
000_com.mobi389.murom.apk,res/color/abc_tint_seek_thumb.xml,resource_candidate,604
000_com.mobi389.murom.apk,res/color/abc_tint_spinner.xml,resource_candidate,772
000_com.mobi389.murom.apk,res/color/abc_tint_switch_track.xml,resource_candidate,768
000_com.mobi389.murom.apk,res/color/com_facebook_button_text_color.xml,resource_candidate,588
000_com.mobi389.murom.apk,res/color/com_facebook_send_button_text_color.xml,resource_candidate,508
000_com.mobi389.murom.apk,res/color/common_google_signin_btn_text_dark.xml,resource_candidate,712
000_com.mobi389.murom.apk,res/color/common_google_signin_btn_text_light.xml,resource_candidate,712
000_com.mobi389.murom.apk,res/color/common_google_signin_btn_tint.xml,resource_candidate,464
000_com.mobi389.murom.apk,res/color/switch_thumb_material_dark.xml,resource_candidate,464
000_com.mobi389.murom.apk,res/color/switch_thumb_material_light.xml,resource_candidate,464
000_com.mobi389.murom.apk,res/color-v21/abc_btn_colored_borderless_text_material.xml,resource_candidate,464
000_com.mobi389.murom.apk,res/color-v23/abc_btn_colored_borderless_text_material.xml,resource_candidate,500
000_com.mobi389.murom.apk,res/color-v23/abc_btn_colored_text_material.xml,resource_candidate,500
000_com.mobi389.murom.apk,res/color-v23/abc_color_highlight_material.xml,resource_candidate,544
000_com.mobi389.murom.apk,res/color-v23/abc_tint_btn_checkable.xml,resource_candidate,624
000_com.mobi389.murom.apk,res/color-v23/abc_tint_default.xml,resource_candidate,1120
000_com.mobi389.murom.apk,res/color-v23/abc_tint_edittext.xml,resource_candidate,668
000_com.mobi389.murom.apk,res/color-v23/abc_tint_seek_thumb.xml,resource_candidate,500
000_com.mobi389.murom.apk,res/color-v23/abc_tint_spinner.xml,resource_candidate,668
000_com.mobi389.murom.apk,res/color-v23/abc_tint_switch_track.xml,resource_candidate,664
000_com.mobi389.murom.apk,res/drawable/abc_btn_borderless_material.xml,resource_candidate,588
000_com.mobi389.murom.apk,res/drawable/abc_btn_check_material.xml,resource_candidate,464
000_com.mobi389.murom.apk,res/drawable/abc_btn_check_material_anim.xml,resource_candidate,816
000_com.mobi389.murom.apk,res/drawable/abc_btn_default_mtrl_shape.xml,resource_candidate,932
000_com.mobi389.murom.apk,res/drawable/abc_btn_radio_material.xml,resource_candidate,464
000_com.mobi389.murom.apk,res/drawable/abc_btn_radio_material_anim.xml,resource_candidate,816
000_com.mobi389.murom.apk,res/drawable/abc_cab_background_internal_bg.xml,resource_candidate,372
000_com.mobi389.murom.apk,res/drawable/abc_cab_background_top_material.xml,resource_candidate,336
000_com.mobi389.murom.apk,res/drawable/abc_ic_ab_back_material.xml,resource_candidate,692
000_com.mobi389.murom.apk,res/drawable/abc_ic_arrow_drop_right_black_24dp.xml,resource_candidate,1000
000_com.mobi389.murom.apk,res/drawable/abc_ic_clear_material.xml,resource_candidate,684
000_com.mobi389.murom.apk,res/drawable/abc_ic_go_search_api_material.xml,resource_candidate,640
000_com.mobi389.murom.apk,res/drawable/abc_ic_menu_overflow_material.xml,resource_candidate,792
000_com.mobi389.murom.apk,res/drawable/abc_ic_search_api_material.xml,resource_candidate,812
000_com.mobi389.murom.apk,res/drawable/abc_ic_voice_search_api_material.xml,resource_candidate,828
000_com.mobi389.murom.apk,res/drawable/abc_item_background_holo_dark.xml,resource_candidate,1012
000_com.mobi389.murom.apk,res/drawable/abc_item_background_holo_light.xml,resource_candidate,1012
000_com.mobi389.murom.apk,res/drawable/abc_list_selector_background_transition_holo_dark.xml,resource_candidate,424
000_com.mobi389.murom.apk,res/drawable/abc_list_selector_background_transition_holo_light.xml,resource_candidate,424
000_com.mobi389.murom.apk,res/drawable/abc_list_selector_holo_dark.xml,resource_candidate,1064
000_com.mobi389.murom.apk,res/drawable/abc_list_selector_holo_light.xml,resource_candidate,1064
000_com.mobi389.murom.apk,res/drawable/abc_ratingbar_indicator_material.xml,resource_candidate,704
000_com.mobi389.murom.apk,res/drawable/abc_ratingbar_material.xml,resource_candidate,704
000_com.mobi389.murom.apk,res/drawable/abc_ratingbar_small_material.xml,resource_candidate,704
000_com.mobi389.murom.apk,res/drawable/abc_seekbar_thumb_material.xml,resource_candidate,1100
000_com.mobi389.murom.apk,res/drawable/abc_seekbar_tick_mark_material.xml,resource_candidate,516
000_com.mobi389.murom.apk,res/drawable/abc_seekbar_track_material.xml,resource_candidate,1408
000_com.mobi389.murom.apk,res/drawable/abc_spinner_textfield_background_material.xml,resource_candidate,1160
000_com.mobi389.murom.apk,res/drawable/abc_switch_thumb_material.xml,resource_candidate,464
000_com.mobi389.murom.apk,res/drawable/abc_tab_indicator_material.xml,resource_candidate,468
000_com.mobi389.murom.apk,res/drawable/abc_text_cursor_material.xml,resource_candidate,516
000_com.mobi389.murom.apk,res/drawable/abc_textfield_search_material.xml,resource_candidate,756
000_com.mobi389.murom.apk,res/drawable/abc_vector_test.xml,resource_candidate,612
000_com.mobi389.murom.apk,res/drawable/bg_p_layout.xml,resource_candidate,612
000_com.mobi389.murom.apk,res/drawable/btn1_p_layout.xml,resource_candidate,644
000_com.mobi389.murom.apk,res/drawable/btn2_p_layout.xml,resource_candidate,612
000_com.mobi389.murom.apk,res/drawable/btn_checkbox_checked_mtrl.xml,resource_candidate,2688
000_com.mobi389.murom.apk,res/drawable/btn_checkbox_checked_to_unchecked_mtrl_animation.xml,resource_candidate,688
000_com.mobi389.murom.apk,res/drawable/btn_checkbox_unchecked_mtrl.xml,resource_candidate,2660
000_com.mobi389.murom.apk,res/drawable/btn_checkbox_unchecked_to_checked_mtrl_animation.xml,resource_candidate,688
000_com.mobi389.murom.apk,res/drawable/btn_radio_off_mtrl.xml,resource_candidate,1728
000_com.mobi389.murom.apk,res/drawable/btn_radio_off_to_on_mtrl_animation.xml,resource_candidate,680
000_com.mobi389.murom.apk,res/drawable/btn_radio_on_mtrl.xml,resource_candidate,1656
000_com.mobi389.murom.apk,res/drawable/btn_radio_on_to_off_mtrl_animation.xml,resource_candidate,680
000_com.mobi389.murom.apk,res/drawable/close.png,image,1405
000_com.mobi389.murom.apk,res/drawable/com_facebook_auth_dialog_background.xml,resource_candidate,596
000_com.mobi389.murom.apk,res/drawable/com_facebook_auth_dialog_cancel_background.xml,resource_candidate,972
000_com.mobi389.murom.apk,res/drawable/com_facebook_auth_dialog_header_background.xml,resource_candidate,596
000_com.mobi389.murom.apk,res/drawable/com_facebook_button_background.xml,resource_candidate,1360
000_com.mobi389.murom.apk,res/drawable/com_facebook_button_icon.xml,resource_candidate,1224
000_com.mobi389.murom.apk,res/drawable/com_facebook_button_like_background.xml,resource_candidate,1360
000_com.mobi389.murom.apk,res/drawable/com_facebook_button_send_background.xml,resource_candidate,1360
000_com.mobi389.murom.apk,res/drawable/com_facebook_favicon_blue.xml,resource_candidate,836
000_com.mobi389.murom.apk,res/drawable/com_facebook_send_button_icon.xml,resource_candidate,508
000_com.mobi389.murom.apk,res/drawable/common_google_signin_btn_icon_dark.xml,resource_candidate,588
000_com.mobi389.murom.apk,res/drawable/common_google_signin_btn_icon_dark_focused.xml,resource_candidate,892
000_com.mobi389.murom.apk,res/drawable/common_google_signin_btn_icon_dark_normal.xml,resource_candidate,548
000_com.mobi389.murom.apk,res/drawable/common_google_signin_btn_icon_disabled.xml,resource_candidate,1132
000_com.mobi389.murom.apk,res/drawable/common_google_signin_btn_icon_light.xml,resource_candidate,588
000_com.mobi389.murom.apk,res/drawable/common_google_signin_btn_icon_light_focused.xml,resource_candidate,892
000_com.mobi389.murom.apk,res/drawable/common_google_signin_btn_icon_light_normal.xml,resource_candidate,548
000_com.mobi389.murom.apk,res/drawable/common_google_signin_btn_text_dark.xml,resource_candidate,588
000_com.mobi389.murom.apk,res/drawable/common_google_signin_btn_text_dark_focused.xml,resource_candidate,892
000_com.mobi389.murom.apk,res/drawable/common_google_signin_btn_text_dark_normal.xml,resource_candidate,584
000_com.mobi389.murom.apk,res/drawable/common_google_signin_btn_text_disabled.xml,resource_candidate,1152
000_com.mobi389.murom.apk,res/drawable/common_google_signin_btn_text_light.xml,resource_candidate,588
000_com.mobi389.murom.apk,res/drawable/common_google_signin_btn_text_light_focused.xml,resource_candidate,892
000_com.mobi389.murom.apk,res/drawable/common_google_signin_btn_text_light_normal.xml,resource_candidate,584
000_com.mobi389.murom.apk,res/drawable/gss_btn_back_normal.png,image,1326
000_com.mobi389.murom.apk,res/drawable/gss_close_black.png,image,202
000_com.mobi389.murom.apk,res/drawable/gss_close_nofocus.png,image,699
000_com.mobi389.murom.apk,res/drawable/gss_com_facebook_close.png,image,1821
000_com.mobi389.murom.apk,res/drawable/gss_gosu_logo.png,image,3475
000_com.mobi389.murom.apk,res/drawable/gss_ic_circle.png,image,4093
000_com.mobi389.murom.apk,res/drawable/gss_ic_circle_left.png,image,2177
000_com.mobi389.murom.apk,res/drawable/gss_ic_circle_right.png,image,2375
000_com.mobi389.murom.apk,res/drawable/gss_ic_email.png,image,357
000_com.mobi389.murom.apk,res/drawable/gss_ic_eye.png,image,408
000_com.mobi389.murom.apk,res/drawable/gss_ic_eye_focus.png,image,409
000_com.mobi389.murom.apk,res/drawable/gss_ic_fb.png,image,1634
000_com.mobi389.murom.apk,res/drawable/gss_ic_fl_close.png,image,1155
000_com.mobi389.murom.apk,res/drawable/gss_ic_fl_fanpage.png,image,9335
000_com.mobi389.murom.apk,res/drawable/gss_ic_fl_gift.png,image,5384
000_com.mobi389.murom.apk,res/drawable/gss_ic_fl_gosu.png,image,5703
000_com.mobi389.murom.apk,res/drawable/gss_ic_fl_line.png,image,72
000_com.mobi389.murom.apk,res/drawable/gss_ic_fl_new.png,image,5838
000_com.mobi389.murom.apk,res/drawable/gss_ic_fl_public.png,image,7804
000_com.mobi389.murom.apk,res/drawable/gss_ic_fl_setting.png,image,12541
000_com.mobi389.murom.apk,res/drawable/gss_ic_fl_video.png,image,10447
000_com.mobi389.murom.apk,res/drawable/gss_ic_gg.png,image,2133
000_com.mobi389.murom.apk,res/drawable/gss_ic_key.png,image,505
000_com.mobi389.murom.apk,res/drawable/gss_ic_pass.png,image,436
000_com.mobi389.murom.apk,res/drawable/gss_ic_phone.png,image,215
000_com.mobi389.murom.apk,res/drawable/gss_ic_serial.png,image,233
000_com.mobi389.murom.apk,res/drawable/gss_ic_tk_back.png,image,1562
000_com.mobi389.murom.apk,res/drawable/gss_ic_tk_back1.png,image,3195
000_com.mobi389.murom.apk,res/drawable/gss_ic_tk_edit.png,image,864
000_com.mobi389.murom.apk,res/drawable/gss_ic_tk_email.png,image,577
000_com.mobi389.murom.apk,res/drawable/gss_ic_tk_lock.png,image,521
000_com.mobi389.murom.apk,res/drawable/gss_ic_tk_phone.png,image,572
000_com.mobi389.murom.apk,res/drawable/gss_ic_tk_user.png,image,503
000_com.mobi389.murom.apk,res/drawable/gss_ic_user.png,image,453
000_com.mobi389.murom.apk,res/drawable/gss_sound_no.png,image,2985
000_com.mobi389.murom.apk,res/drawable/gss_sound_yes.png,image,2786
000_com.mobi389.murom.apk,res/drawable/logo18.png,image,1429
000_com.mobi389.murom.apk,res/drawable/logo18_full.png,image,4919
000_com.mobi389.murom.apk,res/drawable/messenger_button_blue_bg_round.xml,resource_candidate,1444
000_com.mobi389.murom.apk,res/drawable/messenger_button_blue_bg_selector.xml,resource_candidate,972
000_com.mobi389.murom.apk,res/drawable/messenger_button_white_bg_round.xml,resource_candidate,1444
000_com.mobi389.murom.apk,res/drawable/messenger_button_white_bg_selector.xml,resource_candidate,972
000_com.mobi389.murom.apk,res/drawable/notification_bg.xml,resource_candidate,532
000_com.mobi389.murom.apk,res/drawable/notification_bg_low.xml,resource_candidate,532
000_com.mobi389.murom.apk,res/drawable/notification_icon_background.xml,resource_candidate,372
000_com.mobi389.murom.apk,res/drawable/notification_tile_bg.xml,resource_candidate,304
000_com.mobi389.murom.apk,res/drawable/tooltip_frame_dark.xml,resource_candidate,484
000_com.mobi389.murom.apk,res/drawable/tooltip_frame_light.xml,resource_candidate,484
000_com.mobi389.murom.apk,res/drawable-hdpi-v4/abc_ab_share_pack_mtrl_alpha.9.png,image,272
000_com.mobi389.murom.apk,res/drawable-hdpi-v4/abc_btn_check_to_on_mtrl_000.png,image,227
000_com.mobi389.murom.apk,res/drawable-hdpi-v4/abc_btn_check_to_on_mtrl_015.png,image,404
000_com.mobi389.murom.apk,res/drawable-hdpi-v4/abc_btn_radio_to_on_mtrl_000.png,image,464
000_com.mobi389.murom.apk,res/drawable-hdpi-v4/abc_btn_radio_to_on_mtrl_015.png,image,563
000_com.mobi389.murom.apk,res/drawable-hdpi-v4/abc_btn_switch_to_on_mtrl_00001.9.png,image,1096
000_com.mobi389.murom.apk,res/drawable-hdpi-v4/abc_btn_switch_to_on_mtrl_00012.9.png,image,1243
000_com.mobi389.murom.apk,res/drawable-hdpi-v4/abc_cab_background_top_mtrl_alpha.9.png,image,226
000_com.mobi389.murom.apk,res/drawable-hdpi-v4/abc_ic_commit_search_api_mtrl_alpha.png,image,171
000_com.mobi389.murom.apk,res/drawable-hdpi-v4/abc_ic_menu_copy_mtrl_am_alpha.png,image,202
000_com.mobi389.murom.apk,res/drawable-hdpi-v4/abc_ic_menu_cut_mtrl_alpha.png,image,404
000_com.mobi389.murom.apk,res/drawable-hdpi-v4/abc_ic_menu_paste_mtrl_am_alpha.png,image,226
000_com.mobi389.murom.apk,res/drawable-hdpi-v4/abc_ic_menu_selectall_mtrl_alpha.png,image,215
000_com.mobi389.murom.apk,res/drawable-hdpi-v4/abc_ic_menu_share_mtrl_alpha.png,image,389
000_com.mobi389.murom.apk,res/drawable-hdpi-v4/abc_ic_star_black_16dp.png,image,263
000_com.mobi389.murom.apk,res/drawable-hdpi-v4/abc_ic_star_black_36dp.png,image,522
000_com.mobi389.murom.apk,res/drawable-hdpi-v4/abc_ic_star_black_48dp.png,image,668
000_com.mobi389.murom.apk,res/drawable-hdpi-v4/abc_ic_star_half_black_16dp.png,image,197
000_com.mobi389.murom.apk,res/drawable-hdpi-v4/abc_ic_star_half_black_36dp.png,image,328
000_com.mobi389.murom.apk,res/drawable-hdpi-v4/abc_ic_star_half_black_48dp.png,image,431
000_com.mobi389.murom.apk,res/drawable-hdpi-v4/abc_list_divider_mtrl_alpha.9.png,image,167
000_com.mobi389.murom.apk,res/drawable-hdpi-v4/abc_list_focused_holo.9.png,image,244
000_com.mobi389.murom.apk,res/drawable-hdpi-v4/abc_list_longpressed_holo.9.png,image,212
000_com.mobi389.murom.apk,res/drawable-hdpi-v4/abc_list_pressed_holo_dark.9.png,image,208
000_com.mobi389.murom.apk,res/drawable-hdpi-v4/abc_list_pressed_holo_light.9.png,image,208
000_com.mobi389.murom.apk,res/drawable-hdpi-v4/abc_list_selector_disabled_holo_dark.9.png,image,228
000_com.mobi389.murom.apk,res/drawable-hdpi-v4/abc_list_selector_disabled_holo_light.9.png,image,229
000_com.mobi389.murom.apk,res/drawable-hdpi-v4/abc_menu_hardkey_panel_mtrl_mult.9.png,image,738
000_com.mobi389.murom.apk,res/drawable-hdpi-v4/abc_popup_background_mtrl_mult.9.png,image,1098
000_com.mobi389.murom.apk,res/drawable-hdpi-v4/abc_scrubber_control_off_mtrl_alpha.png,image,201
000_com.mobi389.murom.apk,res/drawable-hdpi-v4/abc_scrubber_control_to_pressed_mtrl_000.png,image,196
000_com.mobi389.murom.apk,res/drawable-hdpi-v4/abc_scrubber_control_to_pressed_mtrl_005.png,image,272
000_com.mobi389.murom.apk,res/drawable-hdpi-v4/abc_scrubber_primary_mtrl_alpha.9.png,image,205
000_com.mobi389.murom.apk,res/drawable-hdpi-v4/abc_scrubber_track_mtrl_alpha.9.png,image,196
000_com.mobi389.murom.apk,res/drawable-hdpi-v4/abc_spinner_mtrl_am_alpha.9.png,image,345
000_com.mobi389.murom.apk,res/drawable-hdpi-v4/abc_switch_track_mtrl_alpha.9.png,image,484
000_com.mobi389.murom.apk,res/drawable-hdpi-v4/abc_tab_indicator_mtrl_alpha.9.png,image,190
000_com.mobi389.murom.apk,res/drawable-hdpi-v4/abc_text_select_handle_left_mtrl_dark.png,image,278
000_com.mobi389.murom.apk,res/drawable-hdpi-v4/abc_text_select_handle_left_mtrl_light.png,image,278
000_com.mobi389.murom.apk,res/drawable-hdpi-v4/abc_text_select_handle_middle_mtrl_dark.png,image,398
000_com.mobi389.murom.apk,res/drawable-hdpi-v4/abc_text_select_handle_middle_mtrl_light.png,image,396
000_com.mobi389.murom.apk,res/drawable-hdpi-v4/abc_text_select_handle_right_mtrl_dark.png,image,263
000_com.mobi389.murom.apk,res/drawable-hdpi-v4/abc_text_select_handle_right_mtrl_light.png,image,262
000_com.mobi389.murom.apk,res/drawable-hdpi-v4/abc_textfield_activated_mtrl_alpha.9.png,image,186
000_com.mobi389.murom.apk,res/drawable-hdpi-v4/abc_textfield_default_mtrl_alpha.9.png,image,192
000_com.mobi389.murom.apk,res/drawable-hdpi-v4/abc_textfield_search_activated_mtrl_alpha.9.png,image,178
000_com.mobi389.murom.apk,res/drawable-hdpi-v4/abc_textfield_search_default_mtrl_alpha.9.png,image,178
000_com.mobi389.murom.apk,res/drawable-hdpi-v4/com_facebook_button_like_icon_selected.png,image,178
000_com.mobi389.murom.apk,res/drawable-hdpi-v4/com_facebook_button_send_icon_blue.png,image,659
000_com.mobi389.murom.apk,res/drawable-hdpi-v4/com_facebook_button_send_icon_white.png,image,348
000_com.mobi389.murom.apk,res/drawable-hdpi-v4/com_facebook_close.png,image,1560
000_com.mobi389.murom.apk,res/drawable-hdpi-v4/com_facebook_tooltip_black_background.9.png,image,1933
000_com.mobi389.murom.apk,res/drawable-hdpi-v4/com_facebook_tooltip_black_bottomnub.png,image,657
000_com.mobi389.murom.apk,res/drawable-hdpi-v4/com_facebook_tooltip_black_topnub.png,image,513
000_com.mobi389.murom.apk,res/drawable-hdpi-v4/com_facebook_tooltip_black_xout.png,image,193
000_com.mobi389.murom.apk,res/drawable-hdpi-v4/com_facebook_tooltip_blue_background.9.png,image,2576
000_com.mobi389.murom.apk,res/drawable-hdpi-v4/com_facebook_tooltip_blue_bottomnub.png,image,769
000_com.mobi389.murom.apk,res/drawable-hdpi-v4/com_facebook_tooltip_blue_topnub.png,image,591
000_com.mobi389.murom.apk,res/drawable-hdpi-v4/com_facebook_tooltip_blue_xout.png,image,192
000_com.mobi389.murom.apk,res/drawable-hdpi-v4/common_full_open_on_phone.png,image,681
000_com.mobi389.murom.apk,res/drawable-hdpi-v4/common_google_signin_btn_icon_dark_normal_background.9.png,image,897
000_com.mobi389.murom.apk,res/drawable-hdpi-v4/common_google_signin_btn_icon_light_normal_background.9.png,image,683
000_com.mobi389.murom.apk,res/drawable-hdpi-v4/common_google_signin_btn_text_dark_normal_background.9.png,image,960
000_com.mobi389.murom.apk,res/drawable-hdpi-v4/common_google_signin_btn_text_light_normal_background.9.png,image,694
000_com.mobi389.murom.apk,res/drawable-hdpi-v4/googleg_disabled_color_18.png,image,410
000_com.mobi389.murom.apk,res/drawable-hdpi-v4/googleg_standard_color_18.png,image,808
000_com.mobi389.murom.apk,res/drawable-hdpi-v4/messenger_bubble_large_blue.png,image,636
000_com.mobi389.murom.apk,res/drawable-hdpi-v4/messenger_bubble_large_white.png,image,523
000_com.mobi389.murom.apk,res/drawable-hdpi-v4/messenger_bubble_small_blue.png,image,556
000_com.mobi389.murom.apk,res/drawable-hdpi-v4/messenger_bubble_small_white.png,image,461
000_com.mobi389.murom.apk,res/drawable-hdpi-v4/messenger_button_send_round_shadow.png,image,1752
000_com.mobi389.murom.apk,res/drawable-hdpi-v4/notification_bg_low_normal.9.png,image,212
000_com.mobi389.murom.apk,res/drawable-hdpi-v4/notification_bg_low_pressed.9.png,image,225
000_com.mobi389.murom.apk,res/drawable-hdpi-v4/notification_bg_normal.9.png,image,212
000_com.mobi389.murom.apk,res/drawable-hdpi-v4/notification_bg_normal_pressed.9.png,image,225
000_com.mobi389.murom.apk,res/drawable-hdpi-v4/notify_panel_notification_icon_bg.png,image,107
000_com.mobi389.murom.apk,res/drawable-ldrtl-hdpi-v17/abc_ic_menu_copy_mtrl_am_alpha.png,image,199
000_com.mobi389.murom.apk,res/drawable-ldrtl-hdpi-v17/abc_ic_menu_cut_mtrl_alpha.png,image,400
000_com.mobi389.murom.apk,res/drawable-ldrtl-hdpi-v17/abc_spinner_mtrl_am_alpha.9.png,image,345
000_com.mobi389.murom.apk,res/drawable-ldrtl-mdpi-v17/abc_ic_menu_copy_mtrl_am_alpha.png,image,127
000_com.mobi389.murom.apk,res/drawable-ldrtl-mdpi-v17/abc_ic_menu_cut_mtrl_alpha.png,image,253
000_com.mobi389.murom.apk,res/drawable-ldrtl-mdpi-v17/abc_spinner_mtrl_am_alpha.9.png,image,318
000_com.mobi389.murom.apk,res/drawable-ldrtl-xhdpi-v17/abc_ic_menu_copy_mtrl_am_alpha.png,image,178
000_com.mobi389.murom.apk,res/drawable-ldrtl-xhdpi-v17/abc_ic_menu_cut_mtrl_alpha.png,image,494
000_com.mobi389.murom.apk,res/drawable-ldrtl-xhdpi-v17/abc_spinner_mtrl_am_alpha.9.png,image,417
000_com.mobi389.murom.apk,res/drawable-ldrtl-xxhdpi-v17/abc_ic_menu_copy_mtrl_am_alpha.png,image,260
000_com.mobi389.murom.apk,res/drawable-ldrtl-xxhdpi-v17/abc_ic_menu_cut_mtrl_alpha.png,image,705
000_com.mobi389.murom.apk,res/drawable-ldrtl-xxhdpi-v17/abc_spinner_mtrl_am_alpha.9.png,image,525
000_com.mobi389.murom.apk,res/drawable-ldrtl-xxxhdpi-v17/abc_ic_menu_copy_mtrl_am_alpha.png,image,325
000_com.mobi389.murom.apk,res/drawable-ldrtl-xxxhdpi-v17/abc_ic_menu_cut_mtrl_alpha.png,image,905
000_com.mobi389.murom.apk,res/drawable-ldrtl-xxxhdpi-v17/abc_spinner_mtrl_am_alpha.9.png,image,437
000_com.mobi389.murom.apk,res/drawable-mdpi-v4/abc_ab_share_pack_mtrl_alpha.9.png,image,267
000_com.mobi389.murom.apk,res/drawable-mdpi-v4/abc_btn_check_to_on_mtrl_000.png,image,214
000_com.mobi389.murom.apk,res/drawable-mdpi-v4/abc_btn_check_to_on_mtrl_015.png,image,321
000_com.mobi389.murom.apk,res/drawable-mdpi-v4/abc_btn_radio_to_on_mtrl_000.png,image,324
000_com.mobi389.murom.apk,res/drawable-mdpi-v4/abc_btn_radio_to_on_mtrl_015.png,image,356
000_com.mobi389.murom.apk,res/drawable-mdpi-v4/abc_btn_switch_to_on_mtrl_00001.9.png,image,754
000_com.mobi389.murom.apk,res/drawable-mdpi-v4/abc_btn_switch_to_on_mtrl_00012.9.png,image,825
000_com.mobi389.murom.apk,res/drawable-mdpi-v4/abc_cab_background_top_mtrl_alpha.9.png,image,216
000_com.mobi389.murom.apk,res/drawable-mdpi-v4/abc_ic_commit_search_api_mtrl_alpha.png,image,173
000_com.mobi389.murom.apk,res/drawable-mdpi-v4/abc_ic_menu_copy_mtrl_am_alpha.png,image,133
000_com.mobi389.murom.apk,res/drawable-mdpi-v4/abc_ic_menu_cut_mtrl_alpha.png,image,251
000_com.mobi389.murom.apk,res/drawable-mdpi-v4/abc_ic_menu_paste_mtrl_am_alpha.png,image,152
000_com.mobi389.murom.apk,res/drawable-mdpi-v4/abc_ic_menu_selectall_mtrl_alpha.png,image,139
000_com.mobi389.murom.apk,res/drawable-mdpi-v4/abc_ic_menu_share_mtrl_alpha.png,image,270
000_com.mobi389.murom.apk,res/drawable-mdpi-v4/abc_ic_star_black_16dp.png,image,193
000_com.mobi389.murom.apk,res/drawable-mdpi-v4/abc_ic_star_black_36dp.png,image,364
000_com.mobi389.murom.apk,res/drawable-mdpi-v4/abc_ic_star_black_48dp.png,image,467
000_com.mobi389.murom.apk,res/drawable-mdpi-v4/abc_ic_star_half_black_16dp.png,image,146
000_com.mobi389.murom.apk,res/drawable-mdpi-v4/abc_ic_star_half_black_36dp.png,image,253
000_com.mobi389.murom.apk,res/drawable-mdpi-v4/abc_ic_star_half_black_48dp.png,image,310
000_com.mobi389.murom.apk,res/drawable-mdpi-v4/abc_list_divider_mtrl_alpha.9.png,image,167
000_com.mobi389.murom.apk,res/drawable-mdpi-v4/abc_list_focused_holo.9.png,image,222
000_com.mobi389.murom.apk,res/drawable-mdpi-v4/abc_list_longpressed_holo.9.png,image,211
000_com.mobi389.murom.apk,res/drawable-mdpi-v4/abc_list_pressed_holo_dark.9.png,image,207
000_com.mobi389.murom.apk,res/drawable-mdpi-v4/abc_list_pressed_holo_light.9.png,image,207
000_com.mobi389.murom.apk,res/drawable-mdpi-v4/abc_list_selector_disabled_holo_dark.9.png,image,217
000_com.mobi389.murom.apk,res/drawable-mdpi-v4/abc_list_selector_disabled_holo_light.9.png,image,217
000_com.mobi389.murom.apk,res/drawable-mdpi-v4/abc_menu_hardkey_panel_mtrl_mult.9.png,image,541
000_com.mobi389.murom.apk,res/drawable-mdpi-v4/abc_popup_background_mtrl_mult.9.png,image,776
000_com.mobi389.murom.apk,res/drawable-mdpi-v4/abc_scrubber_control_off_mtrl_alpha.png,image,159
000_com.mobi389.murom.apk,res/drawable-mdpi-v4/abc_scrubber_control_to_pressed_mtrl_000.png,image,145
000_com.mobi389.murom.apk,res/drawable-mdpi-v4/abc_scrubber_control_to_pressed_mtrl_005.png,image,197
000_com.mobi389.murom.apk,res/drawable-mdpi-v4/abc_scrubber_primary_mtrl_alpha.9.png,image,203
000_com.mobi389.murom.apk,res/drawable-mdpi-v4/abc_scrubber_track_mtrl_alpha.9.png,image,194
000_com.mobi389.murom.apk,res/drawable-mdpi-v4/abc_spinner_mtrl_am_alpha.9.png,image,327
000_com.mobi389.murom.apk,res/drawable-mdpi-v4/abc_switch_track_mtrl_alpha.9.png,image,395
000_com.mobi389.murom.apk,res/drawable-mdpi-v4/abc_tab_indicator_mtrl_alpha.9.png,image,186
000_com.mobi389.murom.apk,res/drawable-mdpi-v4/abc_text_select_handle_left_mtrl_dark.png,image,203
000_com.mobi389.murom.apk,res/drawable-mdpi-v4/abc_text_select_handle_left_mtrl_light.png,image,203
000_com.mobi389.murom.apk,res/drawable-mdpi-v4/abc_text_select_handle_middle_mtrl_dark.png,image,311
000_com.mobi389.murom.apk,res/drawable-mdpi-v4/abc_text_select_handle_middle_mtrl_light.png,image,310
000_com.mobi389.murom.apk,res/drawable-mdpi-v4/abc_text_select_handle_right_mtrl_dark.png,image,187
000_com.mobi389.murom.apk,res/drawable-mdpi-v4/abc_text_select_handle_right_mtrl_light.png,image,186
000_com.mobi389.murom.apk,res/drawable-mdpi-v4/abc_textfield_activated_mtrl_alpha.9.png,image,181
000_com.mobi389.murom.apk,res/drawable-mdpi-v4/abc_textfield_default_mtrl_alpha.9.png,image,178
000_com.mobi389.murom.apk,res/drawable-mdpi-v4/abc_textfield_search_activated_mtrl_alpha.9.png,image,178
000_com.mobi389.murom.apk,res/drawable-mdpi-v4/abc_textfield_search_default_mtrl_alpha.9.png,image,178
000_com.mobi389.murom.apk,res/drawable-mdpi-v4/com_facebook_button_like_icon_selected.png,image,163
000_com.mobi389.murom.apk,res/drawable-mdpi-v4/com_facebook_button_send_icon_blue.png,image,412
000_com.mobi389.murom.apk,res/drawable-mdpi-v4/com_facebook_button_send_icon_white.png,image,251
000_com.mobi389.murom.apk,res/drawable-mdpi-v4/com_facebook_close.png,image,1448
000_com.mobi389.murom.apk,res/drawable-mdpi-v4/com_facebook_profile_picture_blank_portrait.png,image,1553
000_com.mobi389.murom.apk,res/drawable-mdpi-v4/com_facebook_profile_picture_blank_square.png,image,1476
000_com.mobi389.murom.apk,res/drawable-mdpi-v4/com_facebook_tooltip_black_background.9.png,image,1331
000_com.mobi389.murom.apk,res/drawable-mdpi-v4/com_facebook_tooltip_black_bottomnub.png,image,402
000_com.mobi389.murom.apk,res/drawable-mdpi-v4/com_facebook_tooltip_black_topnub.png,image,264
000_com.mobi389.murom.apk,res/drawable-mdpi-v4/com_facebook_tooltip_black_xout.png,image,158
000_com.mobi389.murom.apk,res/drawable-mdpi-v4/com_facebook_tooltip_blue_background.9.png,image,1560
000_com.mobi389.murom.apk,res/drawable-mdpi-v4/com_facebook_tooltip_blue_bottomnub.png,image,438
000_com.mobi389.murom.apk,res/drawable-mdpi-v4/com_facebook_tooltip_blue_topnub.png,image,329
000_com.mobi389.murom.apk,res/drawable-mdpi-v4/com_facebook_tooltip_blue_xout.png,image,159
000_com.mobi389.murom.apk,res/drawable-mdpi-v4/common_google_signin_btn_icon_dark_normal_background.9.png,image,610
000_com.mobi389.murom.apk,res/drawable-mdpi-v4/common_google_signin_btn_icon_light_normal_background.9.png,image,500
000_com.mobi389.murom.apk,res/drawable-mdpi-v4/common_google_signin_btn_text_dark_normal_background.9.png,image,615
000_com.mobi389.murom.apk,res/drawable-mdpi-v4/common_google_signin_btn_text_light_normal_background.9.png,image,465
000_com.mobi389.murom.apk,res/drawable-mdpi-v4/googleg_disabled_color_18.png,image,281
000_com.mobi389.murom.apk,res/drawable-mdpi-v4/googleg_standard_color_18.png,image,562
000_com.mobi389.murom.apk,res/drawable-mdpi-v4/messenger_bubble_large_blue.png,image,442
000_com.mobi389.murom.apk,res/drawable-mdpi-v4/messenger_bubble_large_white.png,image,375
000_com.mobi389.murom.apk,res/drawable-mdpi-v4/messenger_bubble_small_blue.png,image,406
000_com.mobi389.murom.apk,res/drawable-mdpi-v4/messenger_bubble_small_white.png,image,344
000_com.mobi389.murom.apk,res/drawable-mdpi-v4/messenger_button_send_round_shadow.png,image,829
000_com.mobi389.murom.apk,res/drawable-mdpi-v4/notification_bg_low_normal.9.png,image,215
000_com.mobi389.murom.apk,res/drawable-mdpi-v4/notification_bg_low_pressed.9.png,image,223
000_com.mobi389.murom.apk,res/drawable-mdpi-v4/notification_bg_normal.9.png,image,215
000_com.mobi389.murom.apk,res/drawable-mdpi-v4/notification_bg_normal_pressed.9.png,image,223
000_com.mobi389.murom.apk,res/drawable-mdpi-v4/notify_panel_notification_icon_bg.png,image,98
000_com.mobi389.murom.apk,res/drawable-v21/abc_action_bar_item_background_material.xml,resource_candidate,264
000_com.mobi389.murom.apk,res/drawable-v21/abc_btn_colored_material.xml,resource_candidate,1716
000_com.mobi389.murom.apk,res/drawable-v21/abc_dialog_material_background.xml,resource_candidate,716
000_com.mobi389.murom.apk,res/drawable-v21/abc_edit_text_material.xml,resource_candidate,1172
000_com.mobi389.murom.apk,res/drawable-v21/abc_list_divider_material.xml,resource_candidate,516
000_com.mobi389.murom.apk,res/drawable-v21/notification_action_background.xml,resource_candidate,1180
000_com.mobi389.murom.apk,res/drawable-v23/abc_control_background_material.xml,resource_candidate,304
000_com.mobi389.murom.apk,res/drawable-watch-v20/abc_dialog_material_background.xml,resource_candidate,372
000_com.mobi389.murom.apk,res/drawable-watch-v20/common_google_signin_btn_text_dark_normal.xml,resource_candidate,908
000_com.mobi389.murom.apk,res/drawable-watch-v20/common_google_signin_btn_text_disabled.xml,resource_candidate,1040
000_com.mobi389.murom.apk,res/drawable-watch-v20/common_google_signin_btn_text_light_normal.xml,resource_candidate,872
000_com.mobi389.murom.apk,res/drawable-xhdpi-v4/abc_ab_share_pack_mtrl_alpha.9.png,image,280
000_com.mobi389.murom.apk,res/drawable-xhdpi-v4/abc_btn_check_to_on_mtrl_000.png,image,281
000_com.mobi389.murom.apk,res/drawable-xhdpi-v4/abc_btn_check_to_on_mtrl_015.png,image,432
000_com.mobi389.murom.apk,res/drawable-xhdpi-v4/abc_btn_radio_to_on_mtrl_000.png,image,651
000_com.mobi389.murom.apk,res/drawable-xhdpi-v4/abc_btn_radio_to_on_mtrl_015.png,image,785
000_com.mobi389.murom.apk,res/drawable-xhdpi-v4/abc_btn_switch_to_on_mtrl_00001.9.png,image,1526
000_com.mobi389.murom.apk,res/drawable-xhdpi-v4/abc_btn_switch_to_on_mtrl_00012.9.png,image,1731
000_com.mobi389.murom.apk,res/drawable-xhdpi-v4/abc_cab_background_top_mtrl_alpha.9.png,image,229
000_com.mobi389.murom.apk,res/drawable-xhdpi-v4/abc_ic_commit_search_api_mtrl_alpha.png,image,228
000_com.mobi389.murom.apk,res/drawable-xhdpi-v4/abc_ic_menu_copy_mtrl_am_alpha.png,image,178
000_com.mobi389.murom.apk,res/drawable-xhdpi-v4/abc_ic_menu_cut_mtrl_alpha.png,image,492
000_com.mobi389.murom.apk,res/drawable-xhdpi-v4/abc_ic_menu_paste_mtrl_am_alpha.png,image,243
000_com.mobi389.murom.apk,res/drawable-xhdpi-v4/abc_ic_menu_selectall_mtrl_alpha.png,image,183
000_com.mobi389.murom.apk,res/drawable-xhdpi-v4/abc_ic_menu_share_mtrl_alpha.png,image,480
000_com.mobi389.murom.apk,res/drawable-xhdpi-v4/abc_ic_star_black_16dp.png,image,333
000_com.mobi389.murom.apk,res/drawable-xhdpi-v4/abc_ic_star_black_36dp.png,image,652
000_com.mobi389.murom.apk,res/drawable-xhdpi-v4/abc_ic_star_black_48dp.png,image,887
000_com.mobi389.murom.apk,res/drawable-xhdpi-v4/abc_ic_star_half_black_16dp.png,image,235
000_com.mobi389.murom.apk,res/drawable-xhdpi-v4/abc_ic_star_half_black_36dp.png,image,421
000_com.mobi389.murom.apk,res/drawable-xhdpi-v4/abc_ic_star_half_black_48dp.png,image,548
000_com.mobi389.murom.apk,res/drawable-xhdpi-v4/abc_list_divider_mtrl_alpha.9.png,image,167
000_com.mobi389.murom.apk,res/drawable-xhdpi-v4/abc_list_focused_holo.9.png,image,244
000_com.mobi389.murom.apk,res/drawable-xhdpi-v4/abc_list_longpressed_holo.9.png,image,214
000_com.mobi389.murom.apk,res/drawable-xhdpi-v4/abc_list_pressed_holo_dark.9.png,image,209
000_com.mobi389.murom.apk,res/drawable-xhdpi-v4/abc_list_pressed_holo_light.9.png,image,209
000_com.mobi389.murom.apk,res/drawable-xhdpi-v4/abc_list_selector_disabled_holo_dark.9.png,image,236
000_com.mobi389.murom.apk,res/drawable-xhdpi-v4/abc_list_selector_disabled_holo_light.9.png,image,235
000_com.mobi389.murom.apk,res/drawable-xhdpi-v4/abc_menu_hardkey_panel_mtrl_mult.9.png,image,966
000_com.mobi389.murom.apk,res/drawable-xhdpi-v4/abc_popup_background_mtrl_mult.9.png,image,1544
000_com.mobi389.murom.apk,res/drawable-xhdpi-v4/abc_scrubber_control_off_mtrl_alpha.png,image,267
000_com.mobi389.murom.apk,res/drawable-xhdpi-v4/abc_scrubber_control_to_pressed_mtrl_000.png,image,267
000_com.mobi389.murom.apk,res/drawable-xhdpi-v4/abc_scrubber_control_to_pressed_mtrl_005.png,image,391
000_com.mobi389.murom.apk,res/drawable-xhdpi-v4/abc_scrubber_primary_mtrl_alpha.9.png,image,208
000_com.mobi389.murom.apk,res/drawable-xhdpi-v4/abc_scrubber_track_mtrl_alpha.9.png,image,198
000_com.mobi389.murom.apk,res/drawable-xhdpi-v4/abc_spinner_mtrl_am_alpha.9.png,image,448
000_com.mobi389.murom.apk,res/drawable-xhdpi-v4/abc_switch_track_mtrl_alpha.9.png,image,618
000_com.mobi389.murom.apk,res/drawable-xhdpi-v4/abc_tab_indicator_mtrl_alpha.9.png,image,194
000_com.mobi389.murom.apk,res/drawable-xhdpi-v4/abc_text_select_handle_left_mtrl_dark.png,image,336
000_com.mobi389.murom.apk,res/drawable-xhdpi-v4/abc_text_select_handle_left_mtrl_light.png,image,335
000_com.mobi389.murom.apk,res/drawable-xhdpi-v4/abc_text_select_handle_middle_mtrl_dark.png,image,583
000_com.mobi389.murom.apk,res/drawable-xhdpi-v4/abc_text_select_handle_middle_mtrl_light.png,image,585
000_com.mobi389.murom.apk,res/drawable-xhdpi-v4/abc_text_select_handle_right_mtrl_dark.png,image,319
000_com.mobi389.murom.apk,res/drawable-xhdpi-v4/abc_text_select_handle_right_mtrl_light.png,image,318
000_com.mobi389.murom.apk,res/drawable-xhdpi-v4/abc_textfield_activated_mtrl_alpha.9.png,image,189
000_com.mobi389.murom.apk,res/drawable-xhdpi-v4/abc_textfield_default_mtrl_alpha.9.png,image,187
000_com.mobi389.murom.apk,res/drawable-xhdpi-v4/abc_textfield_search_activated_mtrl_alpha.9.png,image,184
000_com.mobi389.murom.apk,res/drawable-xhdpi-v4/abc_textfield_search_default_mtrl_alpha.9.png,image,182
000_com.mobi389.murom.apk,res/drawable-xhdpi-v4/com_facebook_button_like_icon_selected.png,image,197
000_com.mobi389.murom.apk,res/drawable-xhdpi-v4/com_facebook_button_send_icon_blue.png,image,460
000_com.mobi389.murom.apk,res/drawable-xhdpi-v4/com_facebook_button_send_icon_white.png,image,445
000_com.mobi389.murom.apk,res/drawable-xhdpi-v4/com_facebook_close.png,image,1919
000_com.mobi389.murom.apk,res/drawable-xhdpi-v4/com_facebook_tooltip_black_background.9.png,image,3156
000_com.mobi389.murom.apk,res/drawable-xhdpi-v4/com_facebook_tooltip_black_bottomnub.png,image,776
000_com.mobi389.murom.apk,res/drawable-xhdpi-v4/com_facebook_tooltip_black_topnub.png,image,581
000_com.mobi389.murom.apk,res/drawable-xhdpi-v4/com_facebook_tooltip_black_xout.png,image,204
000_com.mobi389.murom.apk,res/drawable-xhdpi-v4/com_facebook_tooltip_blue_background.9.png,image,3842
000_com.mobi389.murom.apk,res/drawable-xhdpi-v4/com_facebook_tooltip_blue_bottomnub.png,image,973
000_com.mobi389.murom.apk,res/drawable-xhdpi-v4/com_facebook_tooltip_blue_topnub.png,image,706
000_com.mobi389.murom.apk,res/drawable-xhdpi-v4/com_facebook_tooltip_blue_xout.png,image,222
000_com.mobi389.murom.apk,res/drawable-xhdpi-v4/common_full_open_on_phone.png,image,489
000_com.mobi389.murom.apk,res/drawable-xhdpi-v4/common_google_signin_btn_icon_dark_normal_background.9.png,image,1032
000_com.mobi389.murom.apk,res/drawable-xhdpi-v4/common_google_signin_btn_icon_light_normal_background.9.png,image,776
000_com.mobi389.murom.apk,res/drawable-xhdpi-v4/common_google_signin_btn_text_dark_normal_background.9.png,image,1086
000_com.mobi389.murom.apk,res/drawable-xhdpi-v4/common_google_signin_btn_text_light_normal_background.9.png,image,808
000_com.mobi389.murom.apk,res/drawable-xhdpi-v4/googleg_disabled_color_18.png,image,516
000_com.mobi389.murom.apk,res/drawable-xhdpi-v4/googleg_standard_color_18.png,image,982
000_com.mobi389.murom.apk,res/drawable-xhdpi-v4/gss_btn_back_normal.png,image,586
000_com.mobi389.murom.apk,res/drawable-xhdpi-v4/gss_close_nofocus.png,image,699
000_com.mobi389.murom.apk,res/drawable-xhdpi-v4/messenger_bubble_large_blue.png,image,834
000_com.mobi389.murom.apk,res/drawable-xhdpi-v4/messenger_bubble_large_white.png,image,713
000_com.mobi389.murom.apk,res/drawable-xhdpi-v4/messenger_bubble_small_blue.png,image,720
000_com.mobi389.murom.apk,res/drawable-xhdpi-v4/messenger_bubble_small_white.png,image,613
000_com.mobi389.murom.apk,res/drawable-xhdpi-v4/messenger_button_send_round_shadow.png,image,2563
000_com.mobi389.murom.apk,res/drawable-xhdpi-v4/notification_bg_low_normal.9.png,image,221
000_com.mobi389.murom.apk,res/drawable-xhdpi-v4/notification_bg_low_pressed.9.png,image,252
000_com.mobi389.murom.apk,res/drawable-xhdpi-v4/notification_bg_normal.9.png,image,221
000_com.mobi389.murom.apk,res/drawable-xhdpi-v4/notification_bg_normal_pressed.9.png,image,247
000_com.mobi389.murom.apk,res/drawable-xhdpi-v4/notify_panel_notification_icon_bg.png,image,138
000_com.mobi389.murom.apk,res/drawable-xxhdpi-v4/abc_ab_share_pack_mtrl_alpha.9.png,image,286
000_com.mobi389.murom.apk,res/drawable-xxhdpi-v4/abc_btn_check_to_on_mtrl_000.png,image,307
000_com.mobi389.murom.apk,res/drawable-xxhdpi-v4/abc_btn_check_to_on_mtrl_015.png,image,593
000_com.mobi389.murom.apk,res/drawable-xxhdpi-v4/abc_btn_radio_to_on_mtrl_000.png,image,984
000_com.mobi389.murom.apk,res/drawable-xxhdpi-v4/abc_btn_radio_to_on_mtrl_015.png,image,1208
000_com.mobi389.murom.apk,res/drawable-xxhdpi-v4/abc_btn_switch_to_on_mtrl_00001.9.png,image,2463
000_com.mobi389.murom.apk,res/drawable-xxhdpi-v4/abc_btn_switch_to_on_mtrl_00012.9.png,image,2834
000_com.mobi389.murom.apk,res/drawable-xxhdpi-v4/abc_cab_background_top_mtrl_alpha.9.png,image,237
000_com.mobi389.murom.apk,res/drawable-xxhdpi-v4/abc_ic_commit_search_api_mtrl_alpha.png,image,224
000_com.mobi389.murom.apk,res/drawable-xxhdpi-v4/abc_ic_menu_copy_mtrl_am_alpha.png,image,263
000_com.mobi389.murom.apk,res/drawable-xxhdpi-v4/abc_ic_menu_cut_mtrl_alpha.png,image,710
000_com.mobi389.murom.apk,res/drawable-xxhdpi-v4/abc_ic_menu_paste_mtrl_am_alpha.png,image,348
000_com.mobi389.murom.apk,res/drawable-xxhdpi-v4/abc_ic_menu_selectall_mtrl_alpha.png,image,262
000_com.mobi389.murom.apk,res/drawable-xxhdpi-v4/abc_ic_menu_share_mtrl_alpha.png,image,700
000_com.mobi389.murom.apk,res/drawable-xxhdpi-v4/abc_ic_star_black_16dp.png,image,459
000_com.mobi389.murom.apk,res/drawable-xxhdpi-v4/abc_ic_star_black_36dp.png,image,983
000_com.mobi389.murom.apk,res/drawable-xxhdpi-v4/abc_ic_star_black_48dp.png,image,1291
000_com.mobi389.murom.apk,res/drawable-xxhdpi-v4/abc_ic_star_half_black_16dp.png,image,309
000_com.mobi389.murom.apk,res/drawable-xxhdpi-v4/abc_ic_star_half_black_36dp.png,image,577
000_com.mobi389.murom.apk,res/drawable-xxhdpi-v4/abc_ic_star_half_black_48dp.png,image,789
000_com.mobi389.murom.apk,res/drawable-xxhdpi-v4/abc_list_divider_mtrl_alpha.9.png,image,171
000_com.mobi389.murom.apk,res/drawable-xxhdpi-v4/abc_list_focused_holo.9.png,image,245
000_com.mobi389.murom.apk,res/drawable-xxhdpi-v4/abc_list_longpressed_holo.9.png,image,221
000_com.mobi389.murom.apk,res/drawable-xxhdpi-v4/abc_list_pressed_holo_dark.9.png,image,212
000_com.mobi389.murom.apk,res/drawable-xxhdpi-v4/abc_list_pressed_holo_light.9.png,image,212
000_com.mobi389.murom.apk,res/drawable-xxhdpi-v4/abc_list_selector_disabled_holo_dark.9.png,image,260
000_com.mobi389.murom.apk,res/drawable-xxhdpi-v4/abc_list_selector_disabled_holo_light.9.png,image,258
000_com.mobi389.murom.apk,res/drawable-xxhdpi-v4/abc_menu_hardkey_panel_mtrl_mult.9.png,image,1779
000_com.mobi389.murom.apk,res/drawable-xxhdpi-v4/abc_popup_background_mtrl_mult.9.png,image,2305
000_com.mobi389.murom.apk,res/drawable-xxhdpi-v4/abc_scrubber_control_off_mtrl_alpha.png,image,322
000_com.mobi389.murom.apk,res/drawable-xxhdpi-v4/abc_scrubber_control_to_pressed_mtrl_000.png,image,403
000_com.mobi389.murom.apk,res/drawable-xxhdpi-v4/abc_scrubber_control_to_pressed_mtrl_005.png,image,595
000_com.mobi389.murom.apk,res/drawable-xxhdpi-v4/abc_scrubber_primary_mtrl_alpha.9.png,image,210
000_com.mobi389.murom.apk,res/drawable-xxhdpi-v4/abc_scrubber_track_mtrl_alpha.9.png,image,207
000_com.mobi389.murom.apk,res/drawable-xxhdpi-v4/abc_spinner_mtrl_am_alpha.9.png,image,524
000_com.mobi389.murom.apk,res/drawable-xxhdpi-v4/abc_switch_track_mtrl_alpha.9.png,image,851
000_com.mobi389.murom.apk,res/drawable-xxhdpi-v4/abc_tab_indicator_mtrl_alpha.9.png,image,204
000_com.mobi389.murom.apk,res/drawable-xxhdpi-v4/abc_text_select_handle_left_mtrl_dark.png,image,420
000_com.mobi389.murom.apk,res/drawable-xxhdpi-v4/abc_text_select_handle_left_mtrl_light.png,image,420
000_com.mobi389.murom.apk,res/drawable-xxhdpi-v4/abc_text_select_handle_middle_mtrl_dark.png,image,752
000_com.mobi389.murom.apk,res/drawable-xxhdpi-v4/abc_text_select_handle_middle_mtrl_light.png,image,753
000_com.mobi389.murom.apk,res/drawable-xxhdpi-v4/abc_text_select_handle_right_mtrl_dark.png,image,422
000_com.mobi389.murom.apk,res/drawable-xxhdpi-v4/abc_text_select_handle_right_mtrl_light.png,image,422
000_com.mobi389.murom.apk,res/drawable-xxhdpi-v4/abc_textfield_activated_mtrl_alpha.9.png,image,199
000_com.mobi389.murom.apk,res/drawable-xxhdpi-v4/abc_textfield_default_mtrl_alpha.9.png,image,200
000_com.mobi389.murom.apk,res/drawable-xxhdpi-v4/abc_textfield_search_activated_mtrl_alpha.9.png,image,187
000_com.mobi389.murom.apk,res/drawable-xxhdpi-v4/abc_textfield_search_default_mtrl_alpha.9.png,image,186
000_com.mobi389.murom.apk,res/drawable-xxhdpi-v4/com_facebook_button_like_icon_selected.png,image,232
000_com.mobi389.murom.apk,res/drawable-xxhdpi-v4/com_facebook_button_send_icon_white.png,image,640
000_com.mobi389.murom.apk,res/drawable-xxhdpi-v4/com_facebook_close.png,image,11274
000_com.mobi389.murom.apk,res/drawable-xxhdpi-v4/common_google_signin_btn_icon_dark_normal_background.9.png,image,1510
000_com.mobi389.murom.apk,res/drawable-xxhdpi-v4/common_google_signin_btn_icon_light_normal_background.9.png,image,1138
000_com.mobi389.murom.apk,res/drawable-xxhdpi-v4/common_google_signin_btn_text_dark_normal_background.9.png,image,1638
000_com.mobi389.murom.apk,res/drawable-xxhdpi-v4/common_google_signin_btn_text_light_normal_background.9.png,image,1255
000_com.mobi389.murom.apk,res/drawable-xxhdpi-v4/googleg_disabled_color_18.png,image,727
000_com.mobi389.murom.apk,res/drawable-xxhdpi-v4/googleg_standard_color_18.png,image,1441
000_com.mobi389.murom.apk,res/drawable-xxhdpi-v4/messenger_bubble_large_blue.png,image,1192
000_com.mobi389.murom.apk,res/drawable-xxhdpi-v4/messenger_bubble_large_white.png,image,993
000_com.mobi389.murom.apk,res/drawable-xxhdpi-v4/messenger_bubble_small_blue.png,image,1043
000_com.mobi389.murom.apk,res/drawable-xxhdpi-v4/messenger_bubble_small_white.png,image,890
000_com.mobi389.murom.apk,res/drawable-xxhdpi-v4/messenger_button_send_round_shadow.png,image,5226
000_com.mobi389.murom.apk,res/drawable-xxxhdpi-v4/abc_btn_check_to_on_mtrl_000.png,image,275
000_com.mobi389.murom.apk,res/drawable-xxxhdpi-v4/abc_btn_check_to_on_mtrl_015.png,image,476
000_com.mobi389.murom.apk,res/drawable-xxxhdpi-v4/abc_btn_radio_to_on_mtrl_000.png,image,785
000_com.mobi389.murom.apk,res/drawable-xxxhdpi-v4/abc_btn_radio_to_on_mtrl_015.png,image,946
000_com.mobi389.murom.apk,res/drawable-xxxhdpi-v4/abc_btn_switch_to_on_mtrl_00001.9.png,image,2505
000_com.mobi389.murom.apk,res/drawable-xxxhdpi-v4/abc_btn_switch_to_on_mtrl_00012.9.png,image,2816
000_com.mobi389.murom.apk,res/drawable-xxxhdpi-v4/abc_ic_menu_copy_mtrl_am_alpha.png,image,327
000_com.mobi389.murom.apk,res/drawable-xxxhdpi-v4/abc_ic_menu_cut_mtrl_alpha.png,image,910
000_com.mobi389.murom.apk,res/drawable-xxxhdpi-v4/abc_ic_menu_paste_mtrl_am_alpha.png,image,461
000_com.mobi389.murom.apk,res/drawable-xxxhdpi-v4/abc_ic_menu_selectall_mtrl_alpha.png,image,305
000_com.mobi389.murom.apk,res/drawable-xxxhdpi-v4/abc_ic_menu_share_mtrl_alpha.png,image,899
000_com.mobi389.murom.apk,res/drawable-xxxhdpi-v4/abc_ic_star_black_16dp.png,image,599
000_com.mobi389.murom.apk,res/drawable-xxxhdpi-v4/abc_ic_star_black_36dp.png,image,1269
000_com.mobi389.murom.apk,res/drawable-xxxhdpi-v4/abc_ic_star_black_48dp.png,image,1680
000_com.mobi389.murom.apk,res/drawable-xxxhdpi-v4/abc_ic_star_half_black_16dp.png,image,376
000_com.mobi389.murom.apk,res/drawable-xxxhdpi-v4/abc_ic_star_half_black_36dp.png,image,760
000_com.mobi389.murom.apk,res/drawable-xxxhdpi-v4/abc_ic_star_half_black_48dp.png,image,991
000_com.mobi389.murom.apk,res/drawable-xxxhdpi-v4/abc_scrubber_control_to_pressed_mtrl_000.png,image,415
000_com.mobi389.murom.apk,res/drawable-xxxhdpi-v4/abc_scrubber_control_to_pressed_mtrl_005.png,image,631
000_com.mobi389.murom.apk,res/drawable-xxxhdpi-v4/abc_spinner_mtrl_am_alpha.9.png,image,430
000_com.mobi389.murom.apk,res/drawable-xxxhdpi-v4/abc_switch_track_mtrl_alpha.9.png,image,813
000_com.mobi389.murom.apk,res/drawable-xxxhdpi-v4/abc_tab_indicator_mtrl_alpha.9.png,image,202
000_com.mobi389.murom.apk,res/drawable-xxxhdpi-v4/abc_text_select_handle_left_mtrl_dark.png,image,513
000_com.mobi389.murom.apk,res/drawable-xxxhdpi-v4/abc_text_select_handle_left_mtrl_light.png,image,513
000_com.mobi389.murom.apk,res/drawable-xxxhdpi-v4/abc_text_select_handle_right_mtrl_dark.png,image,513
000_com.mobi389.murom.apk,res/drawable-xxxhdpi-v4/abc_text_select_handle_right_mtrl_light.png,image,513
000_com.mobi389.murom.apk,res/interpolator/btn_checkbox_checked_mtrl_animation_interpolator_0.xml,resource_candidate,316
000_com.mobi389.murom.apk,res/interpolator/btn_checkbox_checked_mtrl_animation_interpolator_1.xml,resource_candidate,328
000_com.mobi389.murom.apk,res/interpolator/btn_checkbox_unchecked_mtrl_animation_interpolator_0.xml,resource_candidate,316
000_com.mobi389.murom.apk,res/interpolator/btn_checkbox_unchecked_mtrl_animation_interpolator_1.xml,resource_candidate,328
000_com.mobi389.murom.apk,res/interpolator/btn_radio_to_off_mtrl_animation_interpolator_0.xml,resource_candidate,320
000_com.mobi389.murom.apk,res/interpolator/btn_radio_to_on_mtrl_animation_interpolator_0.xml,resource_candidate,320
000_com.mobi389.murom.apk,res/interpolator/fast_out_slow_in.xml,resource_candidate,400
000_com.mobi389.murom.apk,res/layout/abc_action_bar_title_item.xml,resource_candidate,872
000_com.mobi389.murom.apk,res/layout/abc_action_bar_up_container.xml,resource_candidate,440
000_com.mobi389.murom.apk,res/layout/abc_action_menu_item_layout.xml,resource_candidate,768
000_com.mobi389.murom.apk,res/layout/abc_action_menu_layout.xml,resource_candidate,576
000_com.mobi389.murom.apk,res/layout/abc_action_mode_bar.xml,resource_candidate,464
000_com.mobi389.murom.apk,res/layout/abc_action_mode_close_item_material.xml,resource_candidate,840
000_com.mobi389.murom.apk,res/layout/abc_activity_chooser_view.xml,resource_candidate,1684
000_com.mobi389.murom.apk,res/layout/abc_activity_chooser_view_list_item.xml,resource_candidate,1304
000_com.mobi389.murom.apk,res/layout/abc_alert_dialog_button_bar_material.xml,resource_candidate,1584
000_com.mobi389.murom.apk,res/layout/abc_alert_dialog_material.xml,resource_candidate,2476
000_com.mobi389.murom.apk,res/layout/abc_alert_dialog_title_material.xml,resource_candidate,1560
000_com.mobi389.murom.apk,res/layout/abc_cascading_menu_item_layout.xml,resource_candidate,1868
000_com.mobi389.murom.apk,res/layout/abc_dialog_title_material.xml,resource_candidate,1116
000_com.mobi389.murom.apk,res/layout/abc_expanded_menu_layout.xml,resource_candidate,388
000_com.mobi389.murom.apk,res/layout/abc_list_menu_item_checkbox.xml,resource_candidate,528
000_com.mobi389.murom.apk,res/layout/abc_list_menu_item_icon.xml,resource_candidate,684
000_com.mobi389.murom.apk,res/layout/abc_list_menu_item_layout.xml,resource_candidate,1396
000_com.mobi389.murom.apk,res/layout/abc_list_menu_item_radio.xml,resource_candidate,532
000_com.mobi389.murom.apk,res/layout/abc_popup_menu_header_item_layout.xml,resource_candidate,848
000_com.mobi389.murom.apk,res/layout/abc_popup_menu_item_layout.xml,resource_candidate,2072
000_com.mobi389.murom.apk,res/layout/abc_screen_content_include.xml,resource_candidate,548
000_com.mobi389.murom.apk,res/layout/abc_screen_simple.xml,resource_candidate,832
000_com.mobi389.murom.apk,res/layout/abc_screen_simple_overlay_action_mode.xml,resource_candidate,792
000_com.mobi389.murom.apk,res/layout/abc_screen_toolbar.xml,resource_candidate,1504
000_com.mobi389.murom.apk,res/layout/abc_search_dropdown_item_icons_2line.xml,resource_candidate,1916
000_com.mobi389.murom.apk,res/layout/abc_search_view.xml,resource_candidate,3472
000_com.mobi389.murom.apk,res/layout/abc_select_dialog_material.xml,resource_candidate,1020
000_com.mobi389.murom.apk,res/layout/abc_tooltip.xml,resource_candidate,1056
000_com.mobi389.murom.apk,res/layout/browser_actions_context_menu_page.xml,resource_candidate,1660
000_com.mobi389.murom.apk,res/layout/browser_actions_context_menu_row.xml,resource_candidate,1164
000_com.mobi389.murom.apk,res/layout/com_facebook_activity_layout.xml,resource_candidate,356
000_com.mobi389.murom.apk,res/layout/com_facebook_device_auth_dialog_fragment.xml,resource_candidate,3384
000_com.mobi389.murom.apk,res/layout/com_facebook_login_fragment.xml,resource_candidate,660
000_com.mobi389.murom.apk,res/layout/com_facebook_smart_device_dialog_fragment.xml,resource_candidate,3704
000_com.mobi389.murom.apk,res/layout/com_facebook_tooltip_bubble.xml,resource_candidate,1804
000_com.mobi389.murom.apk,res/layout/custom_dialog.xml,resource_candidate,612
000_com.mobi389.murom.apk,res/layout/dialog_pay.xml,resource_candidate,3636
000_com.mobi389.murom.apk,res/layout/messenger_button_send_blue_large.xml,resource_candidate,428
000_com.mobi389.murom.apk,res/layout/messenger_button_send_blue_round.xml,resource_candidate,392
000_com.mobi389.murom.apk,res/layout/messenger_button_send_blue_small.xml,resource_candidate,428
000_com.mobi389.murom.apk,res/layout/messenger_button_send_white_large.xml,resource_candidate,428
000_com.mobi389.murom.apk,res/layout/messenger_button_send_white_round.xml,resource_candidate,392
000_com.mobi389.murom.apk,res/layout/messenger_button_send_white_small.xml,resource_candidate,428
000_com.mobi389.murom.apk,res/layout/notification_media_action.xml,resource_candidate,564
000_com.mobi389.murom.apk,res/layout/notification_media_cancel_action.xml,resource_candidate,744
000_com.mobi389.murom.apk,res/layout/notification_template_big_media.xml,resource_candidate,1696
000_com.mobi389.murom.apk,res/layout/notification_template_big_media_custom.xml,resource_candidate,3044
000_com.mobi389.murom.apk,res/layout/notification_template_big_media_narrow.xml,resource_candidate,1824
000_com.mobi389.murom.apk,res/layout/notification_template_big_media_narrow_custom.xml,resource_candidate,3216
000_com.mobi389.murom.apk,res/layout/notification_template_lines_media.xml,resource_candidate,2872
000_com.mobi389.murom.apk,res/layout/notification_template_media.xml,resource_candidate,1292
000_com.mobi389.murom.apk,res/layout/notification_template_media_custom.xml,resource_candidate,2756
000_com.mobi389.murom.apk,res/layout/notification_template_part_chronometer.xml,resource_candidate,440
000_com.mobi389.murom.apk,res/layout/notification_template_part_time.xml,resource_candidate,440
000_com.mobi389.murom.apk,res/layout/select_dialog_item_material.xml,resource_candidate,640
000_com.mobi389.murom.apk,res/layout/select_dialog_multichoice_material.xml,resource_candidate,864
000_com.mobi389.murom.apk,res/layout/select_dialog_singlechoice_material.xml,resource_candidate,864
000_com.mobi389.murom.apk,res/layout/support_simple_spinner_dropdown_item.xml,resource_candidate,464
000_com.mobi389.murom.apk,res/layout-v21/notification_action.xml,resource_candidate,1052
000_com.mobi389.murom.apk,res/layout-v21/notification_action_tombstone.xml,resource_candidate,1228
000_com.mobi389.murom.apk,res/layout-v21/notification_template_custom_big.xml,resource_candidate,2456
000_com.mobi389.murom.apk,res/layout-v21/notification_template_icon_group.xml,resource_candidate,988
000_com.mobi389.murom.apk,res/layout-v26/abc_screen_toolbar.xml,resource_candidate,1560
000_com.mobi389.murom.apk,res/layout-watch-v20/abc_alert_dialog_button_bar_material.xml,resource_candidate,1208
000_com.mobi389.murom.apk,res/layout-watch-v20/abc_alert_dialog_title_material.xml,resource_candidate,1352
000_com.mobi389.murom.apk,res/mipmap-hdpi-v4/app_icon.png,image,12509
000_com.mobi389.murom.apk,res/mipmap-hdpi-v4/app_icon_round.png,image,12509
000_com.mobi389.murom.apk,res/mipmap-ldpi-v4/app_icon.png,image,3783
000_com.mobi389.murom.apk,res/mipmap-ldpi-v4/app_icon_round.png,image,3783
000_com.mobi389.murom.apk,res/mipmap-mdpi-v4/app_icon.png,image,6206
000_com.mobi389.murom.apk,res/mipmap-mdpi-v4/app_icon_round.png,image,6206
000_com.mobi389.murom.apk,res/mipmap-xhdpi-v4/app_icon.png,image,20588
000_com.mobi389.murom.apk,res/mipmap-xhdpi-v4/app_icon_round.png,image,20588
000_com.mobi389.murom.apk,res/mipmap-xxhdpi-v4/app_icon.png,image,41103
000_com.mobi389.murom.apk,res/mipmap-xxhdpi-v4/app_icon_round.png,image,41103
000_com.mobi389.murom.apk,res/mipmap-xxxhdpi-v4/app_icon.png,image,67382
000_com.mobi389.murom.apk,res/mipmap-xxxhdpi-v4/app_icon_round.png,image,67382
000_com.mobi389.murom.apk,res/raw/firebase_common_keep.xml,resource_candidate,290
000_com.mobi389.murom.apk,res/xml/airbridge_auto_backup_rules.xml,resource_candidate,1084
000_com.mobi389.murom.apk,res/xml/backup_rules.xml,resource_candidate,956
000_com.mobi389.murom.apk,res/xml/com_android_billingclient_phenotype.xml,resource_candidate,492
000_com.mobi389.murom.apk,res/xml/splits0.xml,resource_candidate,8404
001_config.arm64_v8a.apk,AndroidManifest.xml,resource_candidate,1032
002_UnityDataAssetPack.apk,AndroidManifest.xml,resource_candidate,1620
002_UnityDataAssetPack.apk,assets/UnityServicesProjectConfiguration.json,resource_candidate,1093
002_UnityDataAssetPack.apk,assets/bin/Data/datapack.unity3d,resource_candidate,320348366
