bundle,transform_id,name,path,subtree_size
000_com.mobi389.murom_data__file004,49,Canvas,/Canvas,19
002_UnityDataAssetPack_datapack__file001,369,Canvas,/Canvas,127
002_UnityDataAssetPack_datapack__file003,1085,Canvas,/Canvas,432
002_UnityDataAssetPack_datapack__file005,145,Canvas,/Canvas,51
002_UnityDataAssetPack_datapack__file007,907,Canvas,/Canvas,472
002_UnityDataAssetPack_datapack__file009,253,Canvas,/Canvas,85
002_UnityDataAssetPack_datapack__file011,1053,Canvas,/Canvas,494
002_UnityDataAssetPack_datapack__file013,258,Canvas,/Canvas,92
002_UnityDataAssetPack_datapack__file015,154,Canvas,/Canvas,52
002_UnityDataAssetPack_datapack__file017,784,CanvasTopMost,/CanvasTopMost,1
002_UnityDataAssetPack_datapack__file017,809,CanvasBattle,/CanvasBattle,30
002_UnityDataAssetPack_datapack__file017,814,Canvas,/Canvas,279
002_UnityDataAssetPack_datapack__file019,110,Canvas,/Canvas,35
002_UnityDataAssetPack_datapack__file021,125,Canvas,/Canvas,40
002_UnityDataAssetPack_datapack__file023,132,Canvas,/Canvas,45
002_UnityDataAssetPack_datapack__file025,1011,CanvasExpand,/CanvasExpand,1
002_UnityDataAssetPack_datapack__file025,1024,Canvas,/Canvas,503
002_UnityDataAssetPack_datapack__file027,390,Canvas,/Canvas,153
002_UnityDataAssetPack_datapack__file029,202,Canvas,/Canvas,66
002_UnityDataAssetPack_datapack__file031,163,Canvas,/Canvas,53
002_UnityDataAssetPack_datapack__file033,22,Canvas,/Canvas,1
002_UnityDataAssetPack_datapack__file035,676,CanvasExpand,/CanvasExpand,1
002_UnityDataAssetPack_datapack__file035,694,Canvas,/Canvas,301
002_UnityDataAssetPack_datapack__file037,384,Canvas,/Canvas,156
002_UnityDataAssetPack_datapack__file039,212,Canvas,/Canvas,71
002_UnityDataAssetPack_datapack__file041,318,Canvas,/Canvas,115
002_UnityDataAssetPack_datapack__file043,368,Canvas,/Canvas,151
002_UnityDataAssetPack_datapack__file045,650,Canvas,/Canvas,305
002_UnityDataAssetPack_datapack__file047,497,Canvas,/Canvas,184
002_UnityDataAssetPack_datapack__file049,266,Canvas,/Canvas,99
002_UnityDataAssetPack_datapack__file051,226,Canvas,/Canvas,76
002_UnityDataAssetPack_datapack__file053,542,Canvas,/Canvas,200
002_UnityDataAssetPack_datapack__file055,249,Canvas,/Canvas,114
002_UnityDataAssetPack_datapack__file057,22,Canvas,/Canvas,1
002_UnityDataAssetPack_datapack__file059,373,CanvasPop,/CanvasPop,4
002_UnityDataAssetPack_datapack__file059,390,CanvasBattle,/CanvasBattle,2
002_UnityDataAssetPack_datapack__file059,449,Canvas,/Canvas,147
002_UnityDataAssetPack_datapack__file061,422,Canvas,/Canvas,192
002_UnityDataAssetPack_datapack__file063,21,Canvas,/Canvas,4
002_UnityDataAssetPack_datapack__file065,212,Canvas,/Canvas,71
002_UnityDataAssetPack_datapack__file067,140,CanvasTopMost,/CanvasTopMost,1
002_UnityDataAssetPack_datapack__file067,180,CanvasNoExpand,/CanvasNoExpand,4
002_UnityDataAssetPack_datapack__file067,190,Canvas,/Canvas,50
002_UnityDataAssetPack_datapack__file069,450,CanvasPopup,/CanvasPopup,2
002_UnityDataAssetPack_datapack__file069,531,Canvas,/Canvas,223
002_UnityDataAssetPack_datapack__file071,1011,CanvasExpand,/CanvasExpand,1
002_UnityDataAssetPack_datapack__file071,1024,Canvas,/Canvas,503
002_UnityDataAssetPack_datapack__file073,231,CanvasExpand,/CanvasExpand,1
002_UnityDataAssetPack_datapack__file073,242,Canvas,/Canvas,87
002_UnityDataAssetPack_datapack__file075,161,Canvas,/Canvas,75
002_UnityDataAssetPack_datapack__file077,258,Canvas,/Canvas,92
002_UnityDataAssetPack_datapack__file079,266,CanvasExpand,/CanvasExpand,1
002_UnityDataAssetPack_datapack__file079,276,Canvas,/Canvas,134
002_UnityDataAssetPack_datapack__file081,623,Canvas,/Canvas,228
002_UnityDataAssetPack_datapack__file083,213,Canvas,/Canvas,70
002_UnityDataAssetPack_datapack__file085,263,Canvas,/Canvas,119
002_UnityDataAssetPack_datapack__file087,136,CanvasBattle,/CanvasBattle,5
002_UnityDataAssetPack_datapack__file087,142,Canvas,/Canvas,11
002_UnityDataAssetPack_datapack__file089,287,CanvasTopMost,/CanvasTopMost,27
002_UnityDataAssetPack_datapack__file089,301,CanvasBattle,/CanvasBattle,32
002_UnityDataAssetPack_datapack__file089,308,Canvas,/Canvas,37
002_UnityDataAssetPack_datapack__file091,94,CanvasBgr,/CanvasBgr,5
002_UnityDataAssetPack_datapack__file091,99,Canvas,/Canvas,26
002_UnityDataAssetPack_datapack__file093,111,Canvas,/Canvas,44
002_UnityDataAssetPack_datapack__file095,117,Canvas,/Canvas,37
002_UnityDataAssetPack_datapack__file097,291,CanvasTopMost,/CanvasTopMost,30
002_UnityDataAssetPack_datapack__file097,305,CanvasBattle,/CanvasBattle,32
002_UnityDataAssetPack_datapack__file097,312,Canvas,/Canvas,36
002_UnityDataAssetPack_datapack__file099,263,Canvas,/Canvas,119
002_UnityDataAssetPack_datapack__file101,233,Canvas,/Canvas,77
002_UnityDataAssetPack_datapack__file103,24,Canvas,/Canvas,5
002_UnityDataAssetPack_datapack__file105,14,Canvas,/Canvas,1
002_UnityDataAssetPack_datapack__file107,424,Canvas,/Canvas,172
002_UnityDataAssetPack_datapack__file109,406,Canvas,/Canvas,166
002_UnityDataAssetPack_datapack__file110,52618,PopupHeroUpgradeFk2,/PopupHeroUpgradeFk2,30
002_UnityDataAssetPack_datapack__file110,52619,PopupHeroesFk,/PopupHeroesFk,42
002_UnityDataAssetPack_datapack__file110,52620,PopupHeroesFk2,/PopupHeroesFk2,44
002_UnityDataAssetPack_datapack__file110,52621,PopupHeroUpgradeFk,/PopupHeroUpgradeFk,30
002_UnityDataAssetPack_datapack__file110,52631,UITextBig,/UITextBig,1
002_UnityDataAssetPack_datapack__file110,52689,TapPopupSettings,/TapPopupSettings,8
002_UnityDataAssetPack_datapack__file110,52690,TapPopupSettings,/TapPopupSettings,8
002_UnityDataAssetPack_datapack__file110,52776,PopupSettingFakeEn,/PopupSettingFakeEn,7
002_UnityDataAssetPack_datapack__file110,52777,PopupSettingFK,/PopupSettingFK,7
002_UnityDataAssetPack_datapack__file110,52778,PopupSettingFK2,/PopupSettingFK2,7
002_UnityDataAssetPack_datapack__file110,52999,PopupSelectBattleCase,/PopupSelectBattleCase,46
002_UnityDataAssetPack_datapack__file110,53153,IslandFirst,/IslandFirst,7
002_UnityDataAssetPack_datapack__file110,53168,PopupFormation2,/PopupFormation2,71
002_UnityDataAssetPack_datapack__file110,53169,PopupFormation3,/PopupFormation3,78
002_UnityDataAssetPack_datapack__file110,53170,PopupFormation,/PopupFormation,98
002_UnityDataAssetPack_datapack__file110,53193,PopupInfoBuilding,/PopupInfoBuilding,5
002_UnityDataAssetPack_datapack__file110,53204,GameItemEvent,/GameItemEvent,133
002_UnityDataAssetPack_datapack__file110,53299,CampaignMapPart,/CampaignMapPart,107
002_UnityDataAssetPack_datapack__file110,53363,PanelMonthCardEvent,/PanelMonthCardEvent,9
002_UnityDataAssetPack_datapack__file110,53364,GGMonthCardEvent,/GGMonthCardEvent,7
002_UnityDataAssetPack_datapack__file110,53373,PopupGuildManageMember,/PopupGuildManageMember,26
002_UnityDataAssetPack_datapack__file110,53380,DungeonMerchantMen,/DungeonMerchantMen,6
002_UnityDataAssetPack_datapack__file110,53418,CanvasPopup,/CanvasPopup,1
002_UnityDataAssetPack_datapack__file110,53423,PopupShelterExchangeHero,/PopupShelterExchangeHero,12
002_UnityDataAssetPack_datapack__file110,53424,PopupRewardShelterMissionEvent,/PopupRewardShelterMissionEvent,39
002_UnityDataAssetPack_datapack__file110,53495,TarvenQuestRequirementUI,/TarvenQuestRequirementUI,4
002_UnityDataAssetPack_datapack__file110,53553,PopupBossIsland,/PopupBossIsland,33
002_UnityDataAssetPack_datapack__file110,53562,PetHeadDragDrop,/PetHeadDragDrop,7
002_UnityDataAssetPack_datapack__file110,53587,PanelLoadingFk,/PanelLoadingFk,4
002_UnityDataAssetPack_datapack__file110,53588,PanelLoadingInstant,/PanelLoadingInstant,4
002_UnityDataAssetPack_datapack__file110,53628,GGEquipmentExchangeEvent,/GGEquipmentExchangeEvent,215
002_UnityDataAssetPack_datapack__file110,53629,PanelExchangeEquipEvent,/PanelExchangeEquipEvent,219
002_UnityDataAssetPack_datapack__file110,53669,PopupUpgradeDaffodil,/PopupUpgradeDaffodil,46
002_UnityDataAssetPack_datapack__file110,53693,PopupShop,/PopupShop,207
002_UnityDataAssetPack_datapack__file110,53694,PopupBuyItem,/PopupBuyItem,146
002_UnityDataAssetPack_datapack__file110,53695,PopupBuyItemFake,/PopupBuyItemFake,146
002_UnityDataAssetPack_datapack__file110,53706,PopupFriend,/PopupFriend,123
002_UnityDataAssetPack_datapack__file110,53710,WarFortress,/WarFortress,14
002_UnityDataAssetPack_datapack__file110,53711,WarMapPart1,/WarMapPart1,28
002_UnityDataAssetPack_datapack__file110,53712,WarMapPart0,/WarMapPart0,28
002_UnityDataAssetPack_datapack__file110,53738,PopupHandOfMidas,/PopupHandOfMidas,37
002_UnityDataAssetPack_datapack__file110,53767,PopupAllStarsFinal,/PopupAllStarsFinal,66
002_UnityDataAssetPack_datapack__file110,53768,PopupAllStarsTop2,/PopupAllStarsTop2,137
002_UnityDataAssetPack_datapack__file110,53769,PopupAllStarsTop4,/PopupAllStarsTop4,251
002_UnityDataAssetPack_datapack__file110,53770,PopupAllStarsResult,/PopupAllStarsResult,39
002_UnityDataAssetPack_datapack__file110,53771,PopupAllStarsTop8,/PopupAllStarsTop8,40
002_UnityDataAssetPack_datapack__file110,53801,HeroesLineup,/HeroesLineup,147
002_UnityDataAssetPack_datapack__file110,53805,PopupMakeBuilding,/PopupMakeBuilding,47
002_UnityDataAssetPack_datapack__file110,53871,CanvasHero,/CanvasHero,10
002_UnityDataAssetPack_datapack__file110,53872,CanvasHeroFk,/CanvasHeroFk,6
002_UnityDataAssetPack_datapack__file110,53883,BraveTrialStage,/BraveTrialStage,8
002_UnityDataAssetPack_datapack__file110,53942,PopupGuildSkill,/PopupGuildSkill,95
002_UnityDataAssetPack_datapack__file110,53965,PopupGuildPromote,/PopupGuildPromote,21
002_UnityDataAssetPack_datapack__file110,53969,PanelWarningTime,/PanelWarningTime,5
002_UnityDataAssetPack_datapack__file110,54014,PanelItemExchangeEvent,/PanelItemExchangeEvent,159
002_UnityDataAssetPack_datapack__file110,54015,GGItemExchangeEvent,/GGItemExchangeEvent,139
002_UnityDataAssetPack_datapack__file110,54017,PopupBxhEvent,/PopupBxhEvent,14
002_UnityDataAssetPack_datapack__file110,54048,PopupMenu,/PopupMenu,10
002_UnityDataAssetPack_datapack__file110,54052,PanelDiscountItemEvent,/PanelDiscountItemEvent,38
002_UnityDataAssetPack_datapack__file110,54053,PopupSettings,/PopupSettings,103
002_UnityDataAssetPack_datapack__file110,54054,PopupChangeLanguage,/PopupChangeLanguage,10
002_UnityDataAssetPack_datapack__file110,54117,ItemShardUI2,/ItemShardUI2,21
002_UnityDataAssetPack_datapack__file110,54144,PopupDungeonSmashItem,/PopupDungeonSmashItem,8
002_UnityDataAssetPack_datapack__file110,54157,BoxGameEventInfo,/BoxGameEventInfo,19
002_UnityDataAssetPack_datapack__file110,54158,GGBannerEvent,/GGBannerEvent,15
002_UnityDataAssetPack_datapack__file110,54170,PopupCampaignReward,/PopupCampaignReward,23
002_UnityDataAssetPack_datapack__file110,54171,PopupCampaignInfo,/PopupCampaignInfo,21
002_UnityDataAssetPack_datapack__file110,54172,PopupCampaignFirst,/PopupCampaignFirst,4
002_UnityDataAssetPack_datapack__file110,54187,HeroReplace,/HeroReplace,21
002_UnityDataAssetPack_datapack__file110,54235,PopupMiLi,/PopupMiLi,23
002_UnityDataAssetPack_datapack__file110,54326,PopupHeroEquipmentInfo,/PopupHeroEquipmentInfo,94
002_UnityDataAssetPack_datapack__file110,54327,PopupUpgradeArtifact,/PopupUpgradeArtifact,202
002_UnityDataAssetPack_datapack__file110,54329,PopupTowerHistory,/PopupTowerHistory,19
002_UnityDataAssetPack_datapack__file110,54330,PopupListRaidChallenge,/PopupListRaidChallenge,13
002_UnityDataAssetPack_datapack__file110,54331,PopupGameChallenge,/PopupGameChallenge,11
002_UnityDataAssetPack_datapack__file110,54332,PopupDailyQuest,/PopupDailyQuest,281
002_UnityDataAssetPack_datapack__file110,54333,PopupMasteringHero,/PopupMasteringHero,382
002_UnityDataAssetPack_datapack__file110,54356,PopupBattleEnd,/PopupBattleEnd,61
002_UnityDataAssetPack_datapack__file110,54357,PopupUpgradeHeroStone,/PopupUpgradeHeroStone,75
002_UnityDataAssetPack_datapack__file110,54358,PopupSelectReward,/PopupSelectReward,391
002_UnityDataAssetPack_datapack__file110,54359,PopupBattleEndFakeEn,/PopupBattleEndFakeEn,31
002_UnityDataAssetPack_datapack__file110,54372,PopupNap,/PopupNap,7
002_UnityDataAssetPack_datapack__file110,54386,PopupBattleDetail,/PopupBattleDetail,125
002_UnityDataAssetPack_datapack__file110,54408,ItemConsumableUI,/ItemConsumableUI,8
002_UnityDataAssetPack_datapack__file110,54430,PopupTarvenQuest,/PopupTarvenQuest,154
002_UnityDataAssetPack_datapack__file110,54450,PanelTutorialFk2,/PanelTutorialFk2,6
002_UnityDataAssetPack_datapack__file110,54451,PanelNewFeatureIntro,/PanelNewFeatureIntro,10
002_UnityDataAssetPack_datapack__file110,54452,PanelTutorialFk,/PanelTutorialFk,6
002_UnityDataAssetPack_datapack__file110,54453,PanelTutorial,/PanelTutorial,7
002_UnityDataAssetPack_datapack__file110,54454,PopupHeroAwakenResult,/PopupHeroAwakenResult,122
002_UnityDataAssetPack_datapack__file110,54455,PopupHeroUpTier,/PopupHeroUpTier,41
002_UnityDataAssetPack_datapack__file110,54456,PopupHeroBriefInfo,/PopupHeroBriefInfo,130
002_UnityDataAssetPack_datapack__file110,54457,PopupHeroESkill,/PopupHeroESkill,121
002_UnityDataAssetPack_datapack__file110,54522,PanelFightBossEvent,/PanelFightBossEvent,37
002_UnityDataAssetPack_datapack__file110,54523,GGFightBossEvent,/GGFightBossEvent,29
002_UnityDataAssetPack_datapack__file110,54605,HeroPointFlyDown,/HeroPointFlyDown,3
002_UnityDataAssetPack_datapack__file110,54613,PopupBattleNext,/PopupBattleNext,8
002_UnityDataAssetPack_datapack__file110,54627,PanelTopRacingEvent,/PanelTopRacingEvent,27
002_UnityDataAssetPack_datapack__file110,54640,PopupDungeonStageHero,/PopupDungeonStageHero,240
002_UnityDataAssetPack_datapack__file110,54643,PopupGuildWarPlayerInfo,/PopupGuildWarPlayerInfo,552
002_UnityDataAssetPack_datapack__file110,54678,PopupUpgradeBuilding,/PopupUpgradeBuilding,36
002_UnityDataAssetPack_datapack__file110,54729,PopupInvitationList,/PopupInvitationList,23
002_UnityDataAssetPack_datapack__file110,54777,PopupShowRewards,/PopupShowRewards,14
002_UnityDataAssetPack_datapack__file110,54778,PopupShowListRewards,/PopupShowListRewards,6
002_UnityDataAssetPack_datapack__file110,54779,PopupShowListRewards,/PopupShowListRewards,6
002_UnityDataAssetPack_datapack__file110,54780,PopupShowListRewardRandom,/PopupShowListRewardRandom,10
002_UnityDataAssetPack_datapack__file110,54840,PanelHeroInfo,/PanelHeroInfo,954
002_UnityDataAssetPack_datapack__file110,54907,BadgeHalo,/BadgeHalo,2
002_UnityDataAssetPack_datapack__file110,54940,FactionRestrain,/FactionRestrain,13
002_UnityDataAssetPack_datapack__file110,54950,PopupNotify,/PopupNotify,10
002_UnityDataAssetPack_datapack__file110,54955,HeroHeadUI,/HeroHeadUI,38
002_UnityDataAssetPack_datapack__file110,54985,ItemIconClazz,/ItemIconClazz,1
002_UnityDataAssetPack_datapack__file110,55030,PopupMailBox,/PopupMailBox,44
002_UnityDataAssetPack_datapack__file110,55041,PopupPlayerInfo3,/PopupPlayerInfo3,763
002_UnityDataAssetPack_datapack__file110,55062,PopupGuildBossTopDmg,/PopupGuildBossTopDmg,283
002_UnityDataAssetPack_datapack__file110,55082,ItemPotionDungeon,/ItemPotionDungeon,6
002_UnityDataAssetPack_datapack__file110,55097,PopupPrepareGuildWar,/PopupPrepareGuildWar,288
002_UnityDataAssetPack_datapack__file110,55192,HeroMaterialInput,/HeroMaterialInput,30
002_UnityDataAssetPack_datapack__file110,55193,HeroMaterial,/HeroMaterial,31
002_UnityDataAssetPack_datapack__file110,55236,StatusEffect,/StatusEffect,2
002_UnityDataAssetPack_datapack__file110,55257,ItemVipExpUI,/ItemVipExpUI,6
002_UnityDataAssetPack_datapack__file110,55258,ItemArtifactUI,/ItemArtifactUI,20
002_UnityDataAssetPack_datapack__file110,55270,PopupEventRaid,/PopupEventRaid,21
002_UnityDataAssetPack_datapack__file110,55278,PopupFormationTest,/PopupFormationTest,195
002_UnityDataAssetPack_datapack__file110,55380,HeadHeroFusing,/HeadHeroFusing,5
002_UnityDataAssetPack_datapack__file110,55429,PetHeadUI,/PetHeadUI,7
002_UnityDataAssetPack_datapack__file110,55432,GoSwordClang,/GoSwordClang,2
002_UnityDataAssetPack_datapack__file110,55437,Panel7DaysLoginEvent,/Panel7DaysLoginEvent,30
002_UnityDataAssetPack_datapack__file110,55540,PanelGrowthFundEventV2,/PanelGrowthFundEventV2,37
002_UnityDataAssetPack_datapack__file110,55541,PanelGrowthFundEvent,/PanelGrowthFundEvent,38
002_UnityDataAssetPack_datapack__file110,55542,GGGrowthFundEventV2,/GGGrowthFundEventV2,31
002_UnityDataAssetPack_datapack__file110,55561,PopupGuildRename,/PopupGuildRename,14
002_UnityDataAssetPack_datapack__file110,55562,PopupPlayerInfo,/PopupPlayerInfo,277
002_UnityDataAssetPack_datapack__file110,55563,PopupShowGameItems,/PopupShowGameItems,9
002_UnityDataAssetPack_datapack__file110,55564,PopupChangeAvatar,/PopupChangeAvatar,28
002_UnityDataAssetPack_datapack__file110,55565,PopupRename,/PopupRename,15
002_UnityDataAssetPack_datapack__file110,55566,PopupLevelUp,/PopupLevelUp,11
002_UnityDataAssetPack_datapack__file110,55567,PopupMaintenance,/PopupMaintenance,11
002_UnityDataAssetPack_datapack__file110,55568,PopupShowGameItems2,/PopupShowGameItems2,9
002_UnityDataAssetPack_datapack__file110,55606,PopupSafeArea,/PopupSafeArea,6
002_UnityDataAssetPack_datapack__file110,55630,PopupGuildApplication,/PopupGuildApplication,24
002_UnityDataAssetPack_datapack__file110,55638,ButtonLineupAura,/ButtonLineupAura,5
002_UnityDataAssetPack_datapack__file110,55658,HeroHeadDragDrop,/HeroHeadDragDrop,39
002_UnityDataAssetPack_datapack__file110,55704,Tab_Event_Sub,/Tab_Event_Sub,6
002_UnityDataAssetPack_datapack__file110,55706,Tab_Event,/Tab_Event,10
002_UnityDataAssetPack_datapack__file110,55707,ButtonHeadlineEvent,/ButtonHeadlineEvent,11
002_UnityDataAssetPack_datapack__file110,55717,PopupSmash,/PopupSmash,16
002_UnityDataAssetPack_datapack__file110,55718,PopupSmashBoss,/PopupSmashBoss,14
002_UnityDataAssetPack_datapack__file110,55749,DummyHealthBar,/DummyHealthBar,4
002_UnityDataAssetPack_datapack__file110,55750,HealthBar,/HealthBar,16
002_UnityDataAssetPack_datapack__file110,55752,PopupEnemyInfo,/PopupEnemyInfo,30
002_UnityDataAssetPack_datapack__file110,55773,TextRightHpLost,/TextRightHpLost,3
002_UnityDataAssetPack_datapack__file110,55775,CellGameChallenge,/CellGameChallenge,267
002_UnityDataAssetPack_datapack__file110,55776,CellRaidChallenge,/CellRaidChallenge,269
002_UnityDataAssetPack_datapack__file110,55805,CellDailyQuest,/CellDailyQuest,269
002_UnityDataAssetPack_datapack__file110,55806,Rate18,/Rate18,2
002_UnityDataAssetPack_datapack__file110,55811,TextRevine,/TextRevine,2
002_UnityDataAssetPack_datapack__file110,55812,TextHpBlock,/TextHpBlock,2
002_UnityDataAssetPack_datapack__file110,55834,PopupDungeonBuyItem,/PopupDungeonBuyItem,135
002_UnityDataAssetPack_datapack__file110,55851,PopupSelectServer,/PopupSelectServer,35
002_UnityDataAssetPack_datapack__file110,55864,PopupStoreAndBenefit,/PopupStoreAndBenefit,71
002_UnityDataAssetPack_datapack__file110,55882,PopupTemp,/PopupTemp,3
002_UnityDataAssetPack_datapack__file110,55906,PopupAtkBossScout,/PopupAtkBossScout,28
002_UnityDataAssetPack_datapack__file110,55911,PopupTextInput,/PopupTextInput,10
002_UnityDataAssetPack_datapack__file110,55912,PopupTestKeyboard,/PopupTestKeyboard,12
002_UnityDataAssetPack_datapack__file110,55930,PopupSelectPet,/PopupSelectPet,21
002_UnityDataAssetPack_datapack__file110,55957,IslandUp,/IslandUp,11
002_UnityDataAssetPack_datapack__file110,55968,PopupGuildWarLog,/PopupGuildWarLog,45
002_UnityDataAssetPack_datapack__file110,55969,PopupGuildWarHistory,/PopupGuildWarHistory,22
002_UnityDataAssetPack_datapack__file110,55980,PanelGroupEvent,/PanelGroupEvent,6
002_UnityDataAssetPack_datapack__file110,56010,WarStronghold,/WarStronghold,14
002_UnityDataAssetPack_datapack__file110,56036,ButtonTechSkill,/ButtonTechSkill,4
002_UnityDataAssetPack_datapack__file110,56037,HeroHeadClickable,/HeroHeadClickable,39
002_UnityDataAssetPack_datapack__file110,56131,PopupSelectGuildAvatar,/PopupSelectGuildAvatar,7
002_UnityDataAssetPack_datapack__file110,56181,HeroShadow,/HeroShadow,2
002_UnityDataAssetPack_datapack__file110,56225,PopupSmashedShop,/PopupSmashedShop,147
002_UnityDataAssetPack_datapack__file110,56263,SwiftBird,/SwiftBird,2
002_UnityDataAssetPack_datapack__file110,56304,PanelEventTemp,/PanelEventTemp,20
002_UnityDataAssetPack_datapack__file110,56405,GameItem,/GameItem,127
002_UnityDataAssetPack_datapack__file110,56469,FrameHeroPoint,/FrameHeroPoint,17
002_UnityDataAssetPack_datapack__file110,56490,Canvas,/Canvas,1
002_UnityDataAssetPack_datapack__file110,56494,ItemAvatarUI,/ItemAvatarUI,5
002_UnityDataAssetPack_datapack__file110,56522,HandTutorial,/HandTutorial,2
002_UnityDataAssetPack_datapack__file110,56540,PopupGameEvent,/PopupGameEvent,8
002_UnityDataAssetPack_datapack__file110,56543,SlotHeroQuest,/SlotHeroQuest,29
002_UnityDataAssetPack_datapack__file110,56548,PopupCreateGuild,/PopupCreateGuild,42
002_UnityDataAssetPack_datapack__file110,56549,PopupEditGuild,/PopupEditGuild,18
002_UnityDataAssetPack_datapack__file110,56550,PopupGuildHall,/PopupGuildHall,78
002_UnityDataAssetPack_datapack__file110,56551,PopupArenaBattleRecord,/PopupArenaBattleRecord,29
002_UnityDataAssetPack_datapack__file110,56552,PopupArenaRival,/PopupArenaRival,31
002_UnityDataAssetPack_datapack__file110,56556,TextLeftHpLost,/TextLeftHpLost,3
002_UnityDataAssetPack_datapack__file110,56594,PopupGuildBossRewards,/PopupGuildBossRewards,266
002_UnityDataAssetPack_datapack__file110,56595,PopupGuildActivities,/PopupGuildActivities,10
002_UnityDataAssetPack_datapack__file110,56626,PopupUseItemConsume,/PopupUseItemConsume,20
002_UnityDataAssetPack_datapack__file110,56627,PopupSummonShard,/PopupSummonShard,37
002_UnityDataAssetPack_datapack__file110,56628,PopupSellItem,/PopupSellItem,142
002_UnityDataAssetPack_datapack__file110,56640,PopupRewardTrailOfChampion,/PopupRewardTrailOfChampion,16
002_UnityDataAssetPack_datapack__file110,56646,GGPackValueEvent,/GGPackValueEvent,14
002_UnityDataAssetPack_datapack__file110,56647,PanelPackValueEvent,/PanelPackValueEvent,34
002_UnityDataAssetPack_datapack__file110,56683,PanelPrepareScene,/PanelPrepareScene,38
002_UnityDataAssetPack_datapack__file110,56684,PopupPet,/PopupPet,156
002_UnityDataAssetPack_datapack__file110,56725,PopupSelectHeroFk,/PopupSelectHeroFk,11
002_UnityDataAssetPack_datapack__file110,56726,PopupSelectHero,/PopupSelectHero,19
002_UnityDataAssetPack_datapack__file110,56727,PopupSelectEquipment,/PopupSelectEquipment,11
002_UnityDataAssetPack_datapack__file110,56728,PopupSelectGameItem,/PopupSelectGameItem,141
002_UnityDataAssetPack_datapack__file110,56729,PopupSelectArtifact,/PopupSelectArtifact,11
002_UnityDataAssetPack_datapack__file110,56733,ItemSetEquip,/ItemSetEquip,99
002_UnityDataAssetPack_datapack__file110,56739,PopupBuyDaffodil,/PopupBuyDaffodil,20
002_UnityDataAssetPack_datapack__file110,56784,PopupUpgradeMine,/PopupUpgradeMine,47
002_UnityDataAssetPack_datapack__file110,56803,ItemEquipmentUI,/ItemEquipmentUI,19
002_UnityDataAssetPack_datapack__file110,56826,PopupGuildRaid,/PopupGuildRaid,50
002_UnityDataAssetPack_datapack__file110,56827,PopupGuildMill,/PopupGuildMill,357
002_UnityDataAssetPack_datapack__file110,56828,PopupGuildBossAttack,/PopupGuildBossAttack,53
002_UnityDataAssetPack_datapack__file110,56837,GGShelterMissionEvent,/GGShelterMissionEvent,39
002_UnityDataAssetPack_datapack__file110,56838,PanelShelterMissionEvent,/PanelShelterMissionEvent,30
002_UnityDataAssetPack_datapack__file110,56901,PopupItemExchangeDetail,/PopupItemExchangeDetail,73
002_UnityDataAssetPack_datapack__file110,56961,PopupSendMail,/PopupSendMail,15
002_UnityDataAssetPack_datapack__file110,56965,PlayerAvatar,/PlayerAvatar,8
002_UnityDataAssetPack_datapack__file110,56969,PopupBraveReward,/PopupBraveReward,30
002_UnityDataAssetPack_datapack__file110,57030,PopupSelectMaterial,/PopupSelectMaterial,16
002_UnityDataAssetPack_datapack__file110,57031,PopupSelectEquipmentSet,/PopupSelectEquipmentSet,93
002_UnityDataAssetPack_datapack__file110,57250,BadgeLose,/BadgeLose,2
002_UnityDataAssetPack_datapack__file110,57255,PanelFirstPurchaseEvent,/PanelFirstPurchaseEvent,10
002_UnityDataAssetPack_datapack__file110,57308,PopupAllStarsReward,/PopupAllStarsReward,36
002_UnityDataAssetPack_datapack__file110,57309,PopupArenaReward,/PopupArenaReward,32
002_UnityDataAssetPack_datapack__file110,57319,PopupSmashedMerchants,/PopupSmashedMerchants,32
002_UnityDataAssetPack_datapack__file110,57476,GGGemExchangeEvent,/GGGemExchangeEvent,14
002_UnityDataAssetPack_datapack__file110,57477,PanelExchangeGemEvent,/PanelExchangeGemEvent,34
002_UnityDataAssetPack_datapack__file110,57507,PopupTowerLevelInfo,/PopupTowerLevelInfo,502
002_UnityDataAssetPack_datapack__file110,57513,PopupHeroStoneInfo,/PopupHeroStoneInfo,26
002_UnityDataAssetPack_datapack__file110,57533,ItemShardUI,/ItemShardUI,21
002_UnityDataAssetPack_datapack__file110,57537,PanelCheckinEvent,/PanelCheckinEvent,134
002_UnityDataAssetPack_datapack__file110,57538,PanelCheckinEvent,/PanelCheckinEvent,14
002_UnityDataAssetPack_datapack__file110,57590,PanelLoading,/PanelLoading,4
002_UnityDataAssetPack_datapack__file110,57601,HeroStoneUI,/HeroStoneUI,13
002_UnityDataAssetPack_datapack__file110,57626,HandTutorialDrag,/HandTutorialDrag,2
002_UnityDataAssetPack_datapack__file110,57674,PopupCounter,/PopupCounter,32
002_UnityDataAssetPack_datapack__file110,57698,PopupMFStage,/PopupMFStage,297
002_UnityDataAssetPack_datapack__file110,57699,PopupBravePlayer,/PopupBravePlayer,270
002_UnityDataAssetPack_datapack__file110,57703,TextHpBuff,/TextHpBuff,2
002_UnityDataAssetPack_datapack__file110,57714,BadgeWin,/BadgeWin,2
002_UnityDataAssetPack_datapack__file110,57810,ButtonPetSkill,/ButtonPetSkill,5
002_UnityDataAssetPack_datapack__file110,57847,PopupChatNew,/PopupChatNew,119
002_UnityDataAssetPack_datapack__file110,57856,ButtonLotionHp,/ButtonLotionHp,3
002_UnityDataAssetPack_datapack__file110,57953,PopupMFSelectRelic,/PopupMFSelectRelic,107
002_UnityDataAssetPack_datapack__file110,57954,PopupMFChooseSupport,/PopupMFChooseSupport,58
002_UnityDataAssetPack_datapack__file110,57955,PopupMFChooseDifficulty,/PopupMFChooseDifficulty,14
002_UnityDataAssetPack_datapack__file110,57956,PopupChangePassword,/PopupChangePassword,19
002_UnityDataAssetPack_datapack__file110,57957,PopupMFPlayerHeroes,/PopupMFPlayerHeroes,15
002_UnityDataAssetPack_datapack__file110,57958,PopupMFPlayerRelics,/PopupMFPlayerRelics,31
002_UnityDataAssetPack_datapack__file110,57959,PopupMFShowRelic,/PopupMFShowRelic,37
002_UnityDataAssetPack_datapack__file110,57984,IslandDown,/IslandDown,11
002_UnityDataAssetPack_datapack__file110,58004,WarMapPart2,/WarMapPart2,26
002_UnityDataAssetPack_datapack__file110,58026,Toast,/Toast,2
002_UnityDataAssetPack_datapack__file110,58027,ToastShowBonus,/ToastShowBonus,2
002_UnityDataAssetPack_datapack__file110,58048,PopupCheckin,/PopupCheckin,160
002_UnityDataAssetPack_datapack__file110,58082,PopupShowBonusEffect,/PopupShowBonusEffect,15
002_UnityDataAssetPack_datapack__file110,58083,PopupShowBonusEffect2,/PopupShowBonusEffect2,8
002_UnityDataAssetPack_datapack__file110,58200,PopupGiftCode,/PopupGiftCode,10
002_UnityDataAssetPack_datapack__file110,58217,PopupAGI,/PopupAGI,14
002_UnityDataAssetPack_datapack__file110,58219,WarTent,/WarTent,14
002_UnityDataAssetPack_datapack__file110,58262,ItemBonusShow,/ItemBonusShow,132
002_UnityDataAssetPack_datapack__file110,58293,PopupShowBonus,/PopupShowBonus,8
002_UnityDataAssetPack_datapack__file110,58294,PopupShowAllArtifact,/PopupShowAllArtifact,15
002_UnityDataAssetPack_datapack__file110,58295,PopupBattleInfo,/PopupBattleInfo,6
002_UnityDataAssetPack_datapack__file110,58334,PopupBlockTouch,/PopupBlockTouch,1
002_UnityDataAssetPack_datapack__file110,58336,HeroPointFlyUp,/HeroPointFlyUp,3
002_UnityDataAssetPack_datapack__file110,58382,PanelAccumulatedEvent,/PanelAccumulatedEvent,54
002_UnityDataAssetPack_datapack__file110,58383,GGAccumulatedEvent,/GGAccumulatedEvent,5
002_UnityDataAssetPack_datapack__file110,58427,ButtonSkill,/ButtonSkill,5
002_UnityDataAssetPack_datapack__file110,58440,PopupTopPlayer,/PopupTopPlayer,24
002_UnityDataAssetPack_datapack__file110,58457,PopupMessage,/PopupMessage,13
002_UnityDataAssetPack_datapack__file110,58458,PopupBuyConfirm,/PopupBuyConfirm,12
002_UnityDataAssetPack_datapack__file110,58459,PopupUnlockHeroConfirm,/PopupUnlockHeroConfirm,10
002_UnityDataAssetPack_datapack__file110,58460,PopupPurchaseIAP,/PopupPurchaseIAP,5
002_UnityDataAssetPack_datapack__file110,58461,PopupConfirmClearAsset,/PopupConfirmClearAsset,13
002_UnityDataAssetPack_datapack__file110,58498,PanelBrokenSpacesEvent,/PanelBrokenSpacesEvent,26
002_UnityDataAssetPack_datapack__file110,58547,PopupPetPreview,/PopupPetPreview,37
002_UnityDataAssetPack_datapack__file110,58604,PanelHeroList,/PanelHeroList,24
002_UnityDataAssetPack_datapack__file110,58639,PopupGuildWarReward,/PopupGuildWarReward,17
002_UnityDataAssetPack_datapack__file110,58640,PopupHelp,/PopupHelp,11
002_UnityDataAssetPack_datapack__file110,58680,UITextMessage,/UITextMessage,1
002_UnityDataAssetPack_datapack__file110,58844,PopupMessageFK2,/PopupMessageFK2,12
002_UnityDataAssetPack_datapack__file110,58845,PopupMessageFK,/PopupMessageFK,12
002_UnityDataAssetPack_datapack__file110,58858,PopupSpecialEvent,/PopupSpecialEvent,14
002_UnityDataAssetPack_datapack__file110,58885,PanelHeroLotteryEvent,/PanelHeroLotteryEvent,160
002_UnityDataAssetPack_datapack__file110,58886,GGHeroLotteryEvent,/GGHeroLotteryEvent,140
002_UnityDataAssetPack_datapack__file110,59131,TowerStage,/TowerStage,15
002_UnityDataAssetPack_datapack__file110,59547,GGGiftCodeEvent,/GGGiftCodeEvent,9
002_UnityDataAssetPack_datapack__file110,59548,PanelGiftCode,/PanelGiftCode,10
002_UnityDataAssetPack_datapack__file110,59959,GGEquipmentSlot,/GGEquipmentSlot,24
002_UnityDataAssetPack_datapack__file110,59961,PanelEvent2PackVertical,/PanelEvent2PackVertical,24
002_UnityDataAssetPack_datapack__file110,59962,PanelEvent2Package,/PanelEvent2Package,20
002_UnityDataAssetPack_datapack__file110,60012,DummyHeroHead,/DummyHeroHead,7
002_UnityDataAssetPack_datapack__file110,60060,GGEasterPrayEvent,/GGEasterPrayEvent,437
002_UnityDataAssetPack_datapack__file110,60061,PanelEasterPrayEvent,/PanelEasterPrayEvent,448
002_UnityDataAssetPack_datapack__file110,60098,TextHpCrit,/TextHpCrit,2
002_UnityDataAssetPack_datapack__file110,60269,PopupShareBattle,/PopupShareBattle,21
002_UnityDataAssetPack_datapack__file110,60424,PopupUpgradeHeroFake,/PopupUpgradeHeroFake,81
002_UnityDataAssetPack_datapack__file110,60542,PopupShopChest,/PopupShopChest,23
002_UnityDataAssetPack_datapack__file110,60891,PopupLunarEvent,/PopupLunarEvent,188
002_UnityDataAssetPack_datapack__file110,61077,PopupIdolOfHealing,/PopupIdolOfHealing,22
002_UnityDataAssetPack_datapack__file110,61130,PanelSpecialPackEvent,/PanelSpecialPackEvent,20
002_UnityDataAssetPack_datapack__file110,61246,PopupDiceTarotCardFake,/PopupDiceTarotCardFake,29
002_UnityDataAssetPack_datapack__file110,61365,PopupMFHeroHeadEffect,/PopupMFHeroHeadEffect,3
002_UnityDataAssetPack_datapack__file110,61372,PopupGuildRecruit,/PopupGuildRecruit,12
002_UnityDataAssetPack_datapack__file110,61591,PopupEventMonopoly,/PopupEventMonopoly,486
002_UnityDataAssetPack_datapack__file110,61637,BrokenSpaceStage,/BrokenSpaceStage,5
002_UnityDataAssetPack_datapack__file110,61896,GGCellAccumulatedProgress,/GGCellAccumulatedProgress,13
002_UnityDataAssetPack_datapack__file110,61897,GGCellAccumulatedLimit,/GGCellAccumulatedLimit,7
002_UnityDataAssetPack_datapack__file110,61898,GGCellAccumulatedPurchase,/GGCellAccumulatedPurchase,9
002_UnityDataAssetPack_datapack__file110,62245,PopupIdolOfRevival,/PopupIdolOfRevival,64
002_UnityDataAssetPack_datapack__file110,62313,PopupQuestFK,/PopupQuestFK,24
002_UnityDataAssetPack_datapack__file110,62372,ItemMonopolyInfo,/ItemMonopolyInfo,6
002_UnityDataAssetPack_datapack__file110,62894,PanelEventMiniGame,/PanelEventMiniGame,188
002_UnityDataAssetPack_datapack__file110,62903,TextHpLost,/TextHpLost,2
002_UnityDataAssetPack_datapack__file110,62944,CelesMine,/CelesMine,11
002_UnityDataAssetPack_datapack__file110,63038,PopupRankingRewards,/PopupRankingRewards,16
002_UnityDataAssetPack_datapack__file110,63063,PopupBattleEndFk2,/PopupBattleEndFk2,9
002_UnityDataAssetPack_datapack__file110,63064,PopupBattleEndFk,/PopupBattleEndFk,9
002_UnityDataAssetPack_datapack__file110,63065,PopupCampaignBattleResultFk,/PopupCampaignBattleResultFk,14
002_UnityDataAssetPack_datapack__file110,63163,TapHpText,/TapHpText,2
002_UnityDataAssetPack_datapack__file110,63164,TapHpText,/TapHpText,2
002_UnityDataAssetPack_datapack__file110,63167,PopupPrayForFire,/PopupPrayForFire,95
002_UnityDataAssetPack_datapack__file110,63272,CardSabaody,/CardSabaody,11
002_UnityDataAssetPack_datapack__file110,63407,InformationBraveTrial,/InformationBraveTrial,11
002_UnityDataAssetPack_datapack__file110,63617,PopupFirstPurchase,/PopupFirstPurchase,20
002_UnityDataAssetPack_datapack__file110,63661,PopupNotifyNewEvent,/PopupNotifyNewEvent,10
002_UnityDataAssetPack_datapack__file110,63919,GameItemWrapper,/GameItemWrapper,128
002_UnityDataAssetPack_datapack__file110,63925,PopupDimScreen,/PopupDimScreen,3
002_UnityDataAssetPack_datapack__file110,64036,TapDropItem,/TapDropItem,2
002_UnityDataAssetPack_datapack__file110,64037,TapDropItem,/TapDropItem,2
002_UnityDataAssetPack_datapack__file110,64137,UITextNumber,/UITextNumber,1
002_UnityDataAssetPack_datapack__file110,64412,PopupSpecialEvent2,/PopupSpecialEvent2,16
002_UnityDataAssetPack_datapack__file110,64506,PopupCrosswordPuzzles,/PopupCrosswordPuzzles,39
002_UnityDataAssetPack_datapack__file110,64719,BattlePlayerName,/BattlePlayerName,2
002_UnityDataAssetPack_datapack__file110,64808,LootGold,/LootGold,2
002_UnityDataAssetPack_datapack__file110,64831,PanelTutorialKeyHoleNew,/PanelTutorialKeyHoleNew,4
002_UnityDataAssetPack_datapack__file110,64832,PanelTutorialKeyHole,/PanelTutorialKeyHole,2
002_UnityDataAssetPack_datapack__file110,64922,SplashTheme,/SplashTheme,9
002_UnityDataAssetPack_datapack__file110,65039,KillStreakEffect,/KillStreakEffect,13
002_UnityDataAssetPack_datapack__file110,65179,PopupIdolOfBlessing,/PopupIdolOfBlessing,45
002_UnityDataAssetPack_datapack__file110,65215,TowerHeroNew,/TowerHeroNew,14
002_UnityDataAssetPack_datapack__file110,65234,PopupAllStarBetHistory,/PopupAllStarBetHistory,48
002_UnityDataAssetPack_datapack__file110,65334,CardRelicFly,/CardRelicFly,2
002_UnityDataAssetPack_datapack__file110,65538,PopupTrialChest,/PopupTrialChest,27
002_UnityDataAssetPack_datapack__file110,65899,TopBar,/TopBar,5
002_UnityDataAssetPack_datapack__file110,65913,PopupShowSkillMessage,/PopupShowSkillMessage,21
002_UnityDataAssetPack_datapack__file110,65914,ButtonESkill,/ButtonESkill,6
002_UnityDataAssetPack_datapack__file110,65918,HeroHome2,/HeroHome2,35
002_UnityDataAssetPack_datapack__file110,65940,UITextTitle,/UITextTitle,1
002_UnityDataAssetPack_datapack__file110,65941,UITextContent,/UITextContent,1
002_UnityDataAssetPack_datapack__file110,65942,UITextButton,/UITextButton,1
002_UnityDataAssetPack_datapack__file110,66723,TextHpLost,/TextHpLost,2
002_UnityDataAssetPack_datapack__file110,66759,ItemTab,/ItemTab,4
002_UnityDataAssetPack_datapack__file110,66968,PopupFullScreenEffect,/PopupFullScreenEffect,5
002_UnityDataAssetPack_datapack__file110,66983,BattleVs,/BattleVs,9
002_UnityDataAssetPack_datapack__file110,67087,HealthBar,/HealthBar,18
002_UnityDataAssetPack_datapack__file110,67114,CampMinion,/CampMinion,6
002_UnityDataAssetPack_datapack__file110,67120,PopupChooseSpin,/PopupChooseSpin,11
002_UnityDataAssetPack_datapack__file110,67163,PanelOnePackEvent,/PanelOnePackEvent,10
002_UnityDataAssetPack_datapack__file110,67164,GGOnePackEvent,/GGOnePackEvent,9
002_UnityDataAssetPack_datapack__file110,67329,GroupTestFont,/GroupTestFont,7
002_UnityDataAssetPack_datapack__file110,67578,HeroMaterialReturn,/HeroMaterialReturn,40
002_UnityDataAssetPack_datapack__file110,67587,PopupInformationAuraNew,/PopupInformationAuraNew,56
002_UnityDataAssetPack_datapack__file110,67605,BoxAllStarsPlayer,/BoxAllStarsPlayer,12
002_UnityDataAssetPack_datapack__file110,67606,BoxAllStarsPlayerBig,/BoxAllStarsPlayerBig,12
002_UnityDataAssetPack_datapack__file110,67778,PopupHelpFk,/PopupHelpFk,9
002_UnityDataAssetPack_datapack__file110,67779,PopupHelpFk2,/PopupHelpFk2,9
002_UnityDataAssetPack_datapack__file110,67796,PopupHeroSkinInfo,/PopupHeroSkinInfo,17
002_UnityDataAssetPack_datapack__file110,67797,PopupChangeHeroSkin,/PopupChangeHeroSkin,26
002_UnityDataAssetPack_datapack__file110,67798,PopupHeroSkins,/PopupHeroSkins,26
002_UnityDataAssetPack_datapack__file110,67900,ItemGround,/ItemGround,2
002_UnityDataAssetPack_datapack__file110,68050,PopupFeedbackFk2,/PopupFeedbackFk2,10
002_UnityDataAssetPack_datapack__file110,68051,PopupFeedbackFakeEn,/PopupFeedbackFakeEn,10
002_UnityDataAssetPack_datapack__file110,68052,TapPopupFeedback,/TapPopupFeedback,10
002_UnityDataAssetPack_datapack__file110,68053,TapPopupFeedback,/TapPopupFeedback,10
002_UnityDataAssetPack_datapack__file110,68054,PopupFeedbackFk,/PopupFeedbackFk,10
002_UnityDataAssetPack_datapack__file110,68225,PopupInfoDropPosition,/PopupInfoDropPosition,10
002_UnityDataAssetPack_datapack__file110,68240,PopupEquipActionUpgradeOrReup,/PopupEquipActionUpgradeOrReup,35
002_UnityDataAssetPack_datapack__file110,68245,UITextCountTime,/UITextCountTime,1
002_UnityDataAssetPack_datapack__file110,68246,PopupInfoStatue,/PopupInfoStatue,21
002_UnityDataAssetPack_datapack__file110,68247,PopupEasterPrayRewards,/PopupEasterPrayRewards,13
002_UnityDataAssetPack_datapack__file110,68470,Tab_Special_Event,/Tab_Special_Event,5
002_UnityDataAssetPack_datapack__file110,68698,PopupLuckySpinFK,/PopupLuckySpinFK,62
002_UnityDataAssetPack_datapack__file110,68719,TapHero,/TapHero,14
002_UnityDataAssetPack_datapack__file110,68720,TapHero,/TapHero,14
002_UnityDataAssetPack_datapack__file110,68906,ButtonEventSpecial,/ButtonEventSpecial,3
002_UnityDataAssetPack_datapack__file110,68907,ButtonEvent,/ButtonEvent,3
002_UnityDataAssetPack_datapack__file110,68964,PopupSuggest,/PopupSuggest,13
002_UnityDataAssetPack_datapack__file110,69006,TutorialStory,/TutorialStory,12
002_UnityDataAssetPack_datapack__file110,69458,TapShopItem,/TapShopItem,5
002_UnityDataAssetPack_datapack__file110,69459,TapShopItem,/TapShopItem,5
002_UnityDataAssetPack_datapack__file110,69597,Popup7DaysEvent,/Popup7DaysEvent,184
002_UnityDataAssetPack_datapack__file110,69634,ItemContent,/ItemContent,5
002_UnityDataAssetPack_datapack__file110,69719,PopupAltarsOfTrial,/PopupAltarsOfTrial,34
002_UnityDataAssetPack_datapack__file110,69829,PopupSummonHeroes,/PopupSummonHeroes,31
002_UnityDataAssetPack_datapack__file110,70124,ItemMaterial,/ItemMaterial,10
002_UnityDataAssetPack_datapack__file110,70346,UICurveRender,/UICurveRender,1
002_UnityDataAssetPack_datapack__file110,70636,PopupNotifyNew,/PopupNotifyNew,19
002_UnityDataAssetPack_datapack__file110,70763,PopupTutorialFK,/PopupTutorialFK,16
002_UnityDataAssetPack_datapack__file110,70790,MFHeroHead,/MFHeroHead,45
002_UnityDataAssetPack_datapack__file110,70987,TapPopupMessage,/TapPopupMessage,4
002_UnityDataAssetPack_datapack__file110,70988,TapPopupMessage,/TapPopupMessage,4
002_UnityDataAssetPack_datapack__file110,71225,PanelTravelEvent,/PanelTravelEvent,79
002_UnityDataAssetPack_datapack__file110,71240,BraveTrialStageNew,/BraveTrialStageNew,8
002_UnityDataAssetPack_datapack__file110,71666,PanelBrokenSpacesEvent2,/PanelBrokenSpacesEvent2,47
002_UnityDataAssetPack_datapack__file110,71667,GGBrokenSpaceEventV2,/GGBrokenSpaceEventV2,59
002_UnityDataAssetPack_datapack__file110,71778,TapSkillEffect,/TapSkillEffect,4
002_UnityDataAssetPack_datapack__file110,71779,TapSpellEffect,/TapSpellEffect,4
002_UnityDataAssetPack_datapack__file110,71780,TapSpellEffect,/TapSpellEffect,4
002_UnityDataAssetPack_datapack__file110,71781,TapHitEffect,/TapHitEffect,4
002_UnityDataAssetPack_datapack__file110,71782,TapAppearEffect,/TapAppearEffect,4
002_UnityDataAssetPack_datapack__file110,71783,TapHealingEffect,/TapHealingEffect,4
002_UnityDataAssetPack_datapack__file110,71784,TapAppearEffect,/TapAppearEffect,4
002_UnityDataAssetPack_datapack__file110,71785,TapHealingEffect,/TapHealingEffect,4
002_UnityDataAssetPack_datapack__file110,71866,TextHpBuff,/TextHpBuff,2
002_UnityDataAssetPack_datapack__file110,72048,HeroStars,/HeroStars,18
002_UnityDataAssetPack_datapack__file110,72389,PopupShopFk2,/PopupShopFk2,49
002_UnityDataAssetPack_datapack__file110,72390,PopupShopFakeEn,/PopupShopFakeEn,53
002_UnityDataAssetPack_datapack__file110,72391,PopupLineupFk,/PopupLineupFk,44
002_UnityDataAssetPack_datapack__file110,72392,PopupBossFk,/PopupBossFk,76
002_UnityDataAssetPack_datapack__file110,72393,PopupShopFk,/PopupShopFk,53
002_UnityDataAssetPack_datapack__file110,72394,PopupBossFk2,/PopupBossFk2,76
002_UnityDataAssetPack_datapack__file110,72395,PopupLineupFk2,/PopupLineupFk2,44
002_UnityDataAssetPack_datapack__file110,72514,GameItemFeeEquip,/GameItemFeeEquip,129
002_UnityDataAssetPack_datapack__file110,72723,PopupSpecialEquipUpgrade,/PopupSpecialEquipUpgrade,201
002_UnityDataAssetPack_datapack__file110,73150,PopupExtraReward,/PopupExtraReward,7
002_UnityDataAssetPack_datapack__file110,73310,PopupItemInfo,/PopupItemInfo,143
002_UnityDataAssetPack_datapack__file110,73360,EasterStatue,/EasterStatue,135
002_UnityDataAssetPack_datapack__file110,73545,PopupAllStarBet,/PopupAllStarBet,57
002_UnityDataAssetPack_datapack__file110,73804,DiceTarotCardFake,/DiceTarotCardFake,8
002_UnityDataAssetPack_datapack__file110,74124,PopupBravePlayerNew,/PopupBravePlayerNew,270
002_UnityDataAssetPack_datapack__file110,74395,GGDauDanhTrangEvent,/GGDauDanhTrangEvent,148
002_UnityDataAssetPack_datapack__file110,74396,PanelDauDanhTrangEvent,/PanelDauDanhTrangEvent,171
002_UnityDataAssetPack_datapack__file110,74463,DiceTile,/DiceTile,16
002_UnityDataAssetPack_datapack__file110,74540,HeadCampaign,/HeadCampaign,14
002_UnityDataAssetPack_datapack__file110,74921,PanelEventFeast,/PanelEventFeast,23
002_UnityDataAssetPack_datapack__file110,74922,PanelEventHarvestDay,/PanelEventHarvestDay,17
002_UnityDataAssetPack_datapack__file110,74923,PanelEventRollCall,/PanelEventRollCall,33
002_UnityDataAssetPack_datapack__file110,75097,MFBossTag,/MFBossTag,4
002_UnityDataAssetPack_datapack__file110,75143,CardRelic,/CardRelic,30
002_UnityDataAssetPack_datapack__file110,75153,TextHpCrit,/TextHpCrit,2
